id,phase,decision,options_considered,chosen,reason,effect_on_results
D00-01,0,Analysis window,Use the full energy record (Aug 2013 - Dec 2017); use only the energy/occupancy overlap,Overlap only: 2014-02-16 to 2017-11-03,All three research questions need occupancy. Energy-only months cannot answer any of them.,Drops ~6 months of energy data at the start and ~2 months at the end. Reduces sample size; does not bias it.
D00-02,0,Interpretation of negative power_factor,Treat as invalid and drop the rows; set to NaN; take the absolute value and keep a sign flag,"abs(power_factor), plus a retained pf_was_negative flag","Affects 0.01-67.55% of rows. The range is exactly -0.999..+1.000 while power is never negative, so the sign is a leading/lagging convention, not reverse power flow.","Preserves 58% of the Library record that dropping would have destroyed. Power itself is untouched, so energy totals are unaffected either way."
D00-03,0,Definition of low occupancy,occupancy == 0 (impossible: minimum is 1); a fixed absolute count for all buildings; a per-building fraction of its own 95th percentile,occupancy <= 5% of the building's 95th percentile,"WiFi never reads zero, and building populations differ by ~20x, so an absolute cut-off is not comparable across buildings.",This threshold IS the main result's definition. A sensitivity curve over 0-20% is published in Phase 5 so the reader can see how much the headline depends on it.
D00-04,0,"Facilities (SRB), where no reading meets the threshold",Add a percentile floor for all buildings; use an absolute rule for SRB only; keep the uniform rule and report the empty cell,Keep the uniform rule; report 'no qualifying intervals'; quote SRB from the sensitivity curve instead,"5% of its 95th percentile is 0.90, below its own minimum count of 1. Changing the definition for one building would make it non-comparable.","Facilities has no headline waste percentage at the standard threshold. Its behaviour is reported from the sensitivity curve, clearly labelled as such."
D00-05,0,"Lecture building, whose meter reads 0 W for most of the record",Exclude the building; treat the zeros as genuine zero consumption; compute over alive periods only,"Include it, computing over periods where the meter was alive, with coverage reported alongside","81.7% of readings are exactly 0 W in long unbroken runs -- a meter that stopped reporting, not a building using no electricity. Treating them as real would produce a near-zero waste figure that is an artefact.","Lecture keeps a place in the headline table, but its figure rests on a much smaller sample than the other six buildings, and is flagged as such."
D00-06,0,WiFi over-count of idle devices,Ignore it; subtract the documented idle baseline before thresholding and use that as the headline; use raw counts for the headline and report a corrected variant,Raw counts for the headline; corrected-occupancy run reported as a robustness check in Phase 5,"The over-count (~20 devices, ~50 in Academic) is an approximate constant from the dataset paper, not a measurement. Building the headline on it would rest the main result on an estimate.","Headline is conservative (raw counts make buildings look more occupied than they are, so waste is understated). The corrected run quantifies by how much."
D00-07,0,Analysis resolution,Keep 1-minute energy and forward-fill occupancy; average energy into 10-minute blocks to match occupancy,10min blocks,Occupancy is natively 10-minute. Up-sampling it to 1 minute would invent ten times more data than was measured. Every occupancy timestamp already falls exactly on a 10-minute boundary.,"Reduces ~2.3M rows per meter to ~231k, which is what makes the whole project run on a laptop. No loss of information relative to the occupancy signal."
D00-08,0,Random seed,Unseeded; a fixed seed,"seed = 42 everywhere (sampling, k-means, anomaly injection, random forest)",Results must be reproducible by a teammate or an examiner running the notebooks again.,None on the substance; makes every reported number exactly reproducible.
D01-01,1,Dead-meter rule,No rule; flag any zero reading; flag runs of 0 W longer than 6 h,Runs of exactly 0 W longer than 6 continuous hours are flagged meter_off; tested on the block maximum,A building can draw very little at night but not exactly 0.000 W for six hours. Flagging every isolated zero would also catch genuine brief shutdowns.,"Removes 25,488 h from Lecture and 10 h from Academic. Without it, Lecture would appear to be the most efficient building on campus, which is an artefact."
D01-02,1,Outlier handling,Delete IQR outliers; delete Z>3 outliers; winsorise; flag both and delete neither,Flag with both IQR and Z-score; delete nothing,"Extreme power readings are the phenomenon Phase 6 is built to detect. Removing them would remove the subject of the study, and IQR alone flags ~6.8% of the Academic record -- mostly ordinary working-day peaks.",No rows removed. Two extra boolean columns available to later phases.
D01-03,1,Semester / vacation calendar,Use the I-BLEND published calendar; infer purely from the data; approximate from the academic year and validate against the data,"Approximate windows (16 May - 31 Jul, 16 - 31 Dec), validated against dormitory occupancy","The I-BLEND project repository publishes no calendar file -- verified, it contains only website assets and reading scripts. A purely data-driven split would be circular, since occupancy is also our explanatory variable.","Validated: Boys hostel vacation occupancy is 42% of its semester median, Girls 53%. Good enough for coarse semester-vs-vacation comparisons; boundaries are accurate to within days, not hours."
D01-04,1,Interpolation limit,No interpolation; fill all gaps; fill only short gaps,Time interpolation for gaps up to 30 minutes (3 blocks); longer gaps left missing; every filled value marked was_interpolated,Filling 20 minutes between two similar readings is safe; filling a 200-day outage would be inventing data.,"Fills 6,381 blocks across all seven buildings -- under 0.47% of the total. Negligible effect on any aggregate."
D01-05,1,Combining hostel mains and UPS meters,Use mains only; use the sum only; keep both separate and also sum,Keep mains and UPS as separate columns AND provide the sum; the sum is NaN if either meter is missing,"Which supply keeps running when rooms empty out is a Phase 5 question, so the split must survive. Adding a measured value to a missing one would silently understate the building total.","Hostel totals are only available when both meters report, which is part of why the two dormitories sit near 60% usable rather than 90%."
D01-06,1,Chunk-boundary handling when resampling,Read whole files and resample once; resample each chunk and average the averages; accumulate per-block sums and counts across chunks,"Per-block sums and counts, combined across chunks before the mean is formed",Averaging chunk averages is wrong whenever a 10-minute block spans two chunks. Sums and counts combine exactly.,None relative to a correct single-pass mean -- that is the point. Verified against all_buildings_power.csv to within 0.122%.
D01-07,1,Ambiguity between a dead meter and a building switched off at night,Keep the 6 h rule and say nothing; raise the threshold to 24 h so nightly switch-offs count as real zero consumption; keep the rule and publish a sensitivity check,Keep the specified 6 h rule as primary; re-run the Lecture figure with a 24 h rule in Phase 5 as a sensitivity check,A switched-off building and a dead meter both report exactly 0 W and cannot be told apart from the power value alone. The zero-run histogram shows two populations: short runs near half a day (34.5% of zero hours) and multi-day runs (65.5% of zero hours).,"Affects Lecture only, and only its denominator. The sensitivity check in Phase 5 quantifies it; the rest of the campus is unaffected because no other meter has sustained exact zeros."
D02-01,2,Reporting effect size alongside every p-value,Report p-values only; report effect sizes only; report both and lead with effect size,"Both, leading with Cohen's d and the percentage difference","Sample sizes run from 37,000 to 177,000 intervals. At that size every test returns p < 0.001 for differences of no practical importance, so a p-value alone would let us claim significance for everything.","Changes the conclusion of Step 7 from 'all differences are significant' to 'all differences are detectable but most are small', which is the honest reading."
D02-02,2,Which statistic decides the Normal vs Log-normal comparison,KS p-value; KS statistic; AIC; visual inspection only,"KS statistic (an effect size), supported by Q-Q plots","With 176,726 readings the KS p-value rejects both candidates, so it cannot discriminate. The statistic measures the largest gap between fitted and observed distributions and remains meaningful.","Log-normal wins (KS 0.083 vs 0.172), but the Q-Q plots show neither fits well because the data is bimodal. That negative result is reported rather than hidden."
D02-03,2,Mode of a continuous variable,Report the raw mode; bin first; omit the mode,Round power to the nearest 1 kW before taking the mode,"Power is a float to five decimal places, so every value occurs exactly once and the raw mode is an arbitrary first row.",Makes the mode column meaningful. Bin width is a choice: a different width would shift the reported mode slightly.
D02-04,2,Scatter plots drawn as small multiples on a subsample,One scatter with all 7 buildings overlaid; small multiples; hexbin density plots,"One panel per building, each a random subsample of 6,000 points (seed 42)","Seven overlapping colours in one scatter cannot be told apart reliably, and 170,000 points per building render as a solid block that hides the structure.","Visual only -- all correlation statistics are computed on the complete data, not the subsample."
D03-01,3,Which days enter the PCA,"All days, filling gaps; days with no missing intervals; days with no missing intervals and no meter-off period",Complete days only -- no gaps and no meter-off intervals,"PCA has no concept of a missing value, and an interpolated or dead hour would become a fictitious 'shape' the components had to explain.","1,302 of 1,356 (96.0%) of Academic days are used. Buildings with long outages contribute proportionally fewer days."
D03-02,3,Standardising the hour columns before PCA,Raw watts; centre only; centre and scale to unit variance,Centre and scale each hour column,"Midday hours vary far more in absolute watts than 4 a.m. hours, so unscaled PCA would largely describe the middle of the day.","Components describe the *shape* of a day rather than its size. PC1 still captures overall level, but through the correlation structure rather than raw magnitude."
D03-03,3,Number of k-means clusters,"k = 2, 3, 4, 5; choosing k by elbow or silhouette","k = 4, fixed, with seed 42","Four is enough to separate the interpretable kinds of day (busy/quiet crossed with peaky/flat) without producing clusters too small to describe. Clustering is supporting analysis here, so a defensible fixed k is preferable to tuning a number nothing downstream depends on.",Affects only the day-type table and its chart. No later phase consumes the cluster labels.
D03-04,3,Using np.linalg.eig rather than np.linalg.eigh,eig (general); eigh (symmetric matrices); SVD,"eig, taking the real part, then verified against sklearn","A covariance matrix is symmetric, so eigh would be faster and more stable and would return real values directly. eig is used because it is the general routine and makes the textbook derivation explicit; the verification against sklearn guards the choice.",None -- results assert equal to sklearn to within 1e-8 after sign alignment.
D04-01,4,Train/validation/test split,Random 80/20; random 70/15/15; chronological 70/15/15,Chronological 70%/15%/15% via train_test_split(shuffle=False),"A shuffled split on a time series fits the model on later data to predict earlier data, which makes every error measure optimistic and meaningless.",Test metrics are much worse than a shuffled split would report -- and correctly so. It also exposes the concept drift that a shuffled split would have hidden entirely.
D04-02,4,Handling the 2014-2017 growth in consumption,Ignore it; detrend the whole series; refit on recent data only; apply a validation-calibrated offset,Report test metrics both uncorrected and with an offset equal to the mean error on the validation split,"Mean power rose 32-48% across the record, so a model trained on 2014-2016 under-predicts 2017 by a near-constant amount. The validation split lies entirely before the test split, so using it introduces no leakage.","Lifts Academic model B test R-squared from 0.064 to 0.155. Phase 6 uses the corrected predictions, otherwise the drift alone would flag the whole test period as anomalous."
D04-03,4,Excluding lag features from models B and C,Include lag 1h and lag 1d (best accuracy); include neither; include lag 1d only,Neither -- calendar and occupancy features only,"Lag 1h lifts validation R-squared from 0.55 to 0.83, but a model that knows recent power absorbs waste into its expectation and would predict that lights left on stay on. We need expected consumption, not best forecast.",Reported R-squared is far lower than it could be. This is deliberate: it is the price of a baseline that can detect sustained waste in Phase 6.
D04-04,4,One-hot encoding hour and month instead of using them as numbers,Raw integers; one-hot; sine/cosine cyclic encoding,One-hot with drop='first',Hour and month are cyclic: hour 23 is adjacent to hour 0. As raw integers a linear model would treat 23:00 as twenty-three times 01:00. One-hot makes no ordering assumption and keeps the coefficients directly readable as 'the effect of this hour'.,"Expands 6 raw columns to 43 encoded ones. Sine/cosine encoding would use fewer columns but impose a smooth shape on the day, which building load does not follow."
D04-05,4,Feature selection reported but not applied,Prune to SelectKBest's top k; prune by correlation threshold; report the ranking without pruning,Report the ranking; keep all features,"With 43 encoded columns and 123,710 training rows there is no overfitting pressure to relieve, and both methods are univariate so they cannot see redundancy anyway. Dropping hour dummies would cost interpretability for no measurable gain.",None on the scores. The ranking is reported because it shows occupancy is the strongest single predictor.
D04-06,4,Random forest depth,Unlimited depth; tuned by grid search; fixed at 12,"max_depth = 12, min_samples_leaf = 5, 120 trees, random_state = 42","The depth curve shows validation error flattening around depth 12 while training error keeps falling -- at unlimited depth the gap is 2.4x. Model D is a sanity check on whether non-linearity matters, not the deliverable, so a defensible fixed depth is preferable to tuning.","Model D scores slightly better than C on validation in most buildings, confirming some non-linearity, but not enough to displace the interpretable linear models that Phases 5 and 6 depend on."
D05-01,5,Reporting an intensity ratio alongside the energy share,Energy share only (as specified); intensity ratio only; both,"Both, leading with the intensity ratio in the narrative","The energy share depends partly on how *often* a building is nearly empty, which is a fact about the campus timetable rather than about the building. The ratio of mean power when empty to mean power overall isolates the building's own behaviour.",Adds a column; changes no specified number. It is what lets the headline be stated as 'still draws 62-85% of average power' rather than only as a share.
D05-02,5,Computing the published clock-based definition on our own data,Quote the published figures beside ours; compute their definition on our data and compare like with like,Compute outside-08:00-18:00-weekdays share on our data as well,"Our occupancy threshold captures only 6-28% of intervals while a clock rule captures about 70%. Comparing the two directly would be misleading, and the difference between the definitions is itself the point of an occupancy-aware analysis.",Yields 55.2% for Academic and 55.0% for Library against the published 56% -- a strong external check that the pipeline measures what it claims.
D05-03,5,Threshold held fixed across semester and vacation,Recompute p95 within each period; hold the whole-record threshold fixed,Fixed threshold from the whole record,"Recomputing p95 within each period would move the definition of 'low' between the two groups -- a vacation p95 is lower, so its threshold would be lower -- and the comparison would measure the threshold rather than the behaviour.",Makes the semester/vacation comparison meaningful. With a per-period threshold both columns would tend towards the same value by construction.
D05-04,5,Defining responsiveness as the non-base-load share of mean power,Rank by slope b alone; rank by base load a alone; rank by (mean - a) / mean,(mean power - base load) / mean power,"Slope b alone is not comparable across buildings whose occupancy ranges differ by a factor of twenty (Facilities peaks at 47 occupants, the Boys hostel at 614). Base load alone ignores building size. The ratio is dimensionless and comparable.",Determines the ranking in section 6.6. A slope-only ranking would put Facilities first purely because its small occupancy range forces a large coefficient.
