building,model,train R2,val R2,test R2,test R2 (drift-corrected),val MAE kW,test MAE kW,test RMSE kW
Academic,A: power ~ occupancy,0.564,,-0.171,,,11.66,18.07
Academic,B: time only,0.623,0.509,0.089,0.173,7.57,11.18,15.94
Academic,C: time + occupancy,0.728,0.518,0.013,0.074,7.71,10.73,16.59
Academic,D: random forest (time + occupancy),0.842,0.595,0.012,0.111,6.52,10.35,16.59
Boys_Hostel,A: power ~ occupancy,0.42,,0.104,,,8.67,12.11
Boys_Hostel,B: time only,0.684,0.238,0.025,0.293,9.13,9.55,12.63
Boys_Hostel,C: time + occupancy,0.787,0.379,0.079,0.257,8.65,9.32,12.28
Boys_Hostel,D: random forest (time + occupancy),0.747,0.501,0.136,0.227,7.16,8.69,11.89
Girls_Hostel,A: power ~ occupancy,0.207,,-0.878,,,3.62,4.52
Girls_Hostel,B: time only,0.692,-0.631,-0.839,-0.647,3.46,3.62,4.47
Girls_Hostel,C: time + occupancy,0.734,-0.234,-0.859,-0.57,2.96,3.68,4.5
Girls_Hostel,D: random forest (time + occupancy),0.694,-0.431,-0.708,-0.506,3.22,3.46,4.31
Mess,A: power ~ occupancy,0.154,,-0.083,,,7.53,10.07
Mess,B: time only,0.427,0.324,-0.045,0.056,4.65,7.66,9.9
Mess,C: time + occupancy,0.443,0.33,-0.031,0.074,4.61,7.61,9.83
Mess,D: random forest (time + occupancy),0.54,0.222,-0.05,0.002,4.85,7.65,9.92
Library,A: power ~ occupancy,0.303,,-0.046,,,6.82,8.53
Library,B: time only,0.364,-0.261,0.04,-0.028,4.49,6.73,8.17
Library,C: time + occupancy,0.461,-0.063,-0.092,-0.122,4.02,7.02,8.71
Library,D: random forest (time + occupancy),0.623,0.157,-0.08,-0.078,3.11,6.6,8.66
Lecture,A: power ~ occupancy,0.17,,-0.304,,,1.36,1.58
Lecture,B: time only,0.475,-0.196,0.246,-0.116,1.26,0.84,1.2
Lecture,C: time + occupancy,0.481,-0.191,0.237,-0.117,1.27,0.87,1.21
Lecture,D: random forest (time + occupancy),0.698,-0.041,0.244,-0.032,1.23,0.81,1.2
Facilities,A: power ~ occupancy,0.06,,-0.668,,,2.98,3.94
Facilities,B: time only,0.267,0.299,0.031,0.199,1.92,2.24,3.01
Facilities,C: time + occupancy,0.28,0.238,0.042,0.158,2.03,2.21,2.99
Facilities,D: random forest (time + occupancy),0.437,0.32,-0.068,0.05,1.88,2.32,3.16
