detector,anomaly_type,n_anomaly_intervals,true_positives,false_positives,false_negatives,true_negatives,precision,recall,f1,accuracy,building
T,all,1733,558,1800,1175,22978,0.2366,0.322,0.2728,0.8878,Academic
T,spike,324,108,1800,216,22978,0.0566,0.3333,0.0968,0.9197,Academic
T,waste,1409,450,1800,959,22978,0.2,0.3194,0.246,0.8946,Academic
O,all,1733,631,2910,1102,21868,0.1782,0.3641,0.2393,0.8487,Academic
O,spike,324,124,2910,200,21868,0.0409,0.3827,0.0739,0.8761,Academic
O,waste,1409,507,2910,902,21868,0.1484,0.3598,0.2101,0.8544,Academic
T,all,879,233,564,646,16412,0.2923,0.2651,0.278,0.9322,Boys_Hostel
T,spike,325,169,564,156,16412,0.2306,0.52,0.3195,0.9584,Boys_Hostel
T,waste,554,64,564,490,16412,0.1019,0.1155,0.1083,0.9399,Boys_Hostel
O,all,879,304,451,575,16525,0.4026,0.3458,0.3721,0.9425,Boys_Hostel
O,spike,325,157,451,168,16525,0.2582,0.4831,0.3365,0.9642,Boys_Hostel
O,waste,554,147,451,407,16525,0.2458,0.2653,0.2552,0.9511,Boys_Hostel
T,all,886,182,0,704,16693,1.0,0.2054,0.3408,0.96,Girls_Hostel
T,spike,332,173,0,159,16693,1.0,0.5211,0.6851,0.9907,Girls_Hostel
T,waste,554,9,0,545,16693,1.0,0.0162,0.032,0.9684,Girls_Hostel
O,all,886,164,1,722,16692,0.9939,0.1851,0.3121,0.9589,Girls_Hostel
O,spike,332,151,1,181,16692,0.9934,0.4548,0.624,0.9893,Girls_Hostel
O,waste,554,13,1,541,16692,0.9286,0.0235,0.0458,0.9686,Girls_Hostel
T,all,2901,286,38,2615,20652,0.8827,0.0986,0.1774,0.8875,Mess
T,spike,323,100,38,223,20652,0.7246,0.3096,0.4338,0.9876,Mess
T,waste,2578,186,38,2392,20652,0.8304,0.0721,0.1328,0.8956,Mess
O,all,2901,301,37,2600,20653,0.8905,0.1038,0.1859,0.8882,Mess
O,spike,323,98,37,225,20653,0.7259,0.3034,0.4279,0.9875,Mess
O,waste,2578,203,37,2375,20653,0.8458,0.0787,0.1441,0.8963,Mess
T,all,4599,1054,758,3545,12452,0.5817,0.2292,0.3288,0.7584,Library
T,spike,325,89,758,236,12452,0.1051,0.2738,0.1519,0.9266,Library
T,waste,4274,965,758,3309,12452,0.5601,0.2258,0.3218,0.7674,Library
O,all,4599,1029,869,3570,12341,0.5421,0.2237,0.3168,0.7507,Library
O,spike,325,94,869,231,12341,0.0976,0.2892,0.146,0.9187,Library
O,waste,4274,935,869,3339,12341,0.5183,0.2188,0.3077,0.7593,Library
T,all,2723,103,130,2620,2687,0.4421,0.0378,0.0697,0.5036,Lecture
T,spike,320,74,130,246,2687,0.3627,0.2313,0.2824,0.8801,Lecture
T,waste,2403,29,130,2374,2687,0.1824,0.0121,0.0226,0.5203,Lecture
O,all,2723,55,73,2668,2744,0.4297,0.0202,0.0386,0.5052,Lecture
O,spike,320,44,73,276,2744,0.3761,0.1375,0.2014,0.8887,Lecture
O,waste,2403,11,73,2392,2744,0.131,0.0046,0.0088,0.5278,Lecture
T,all,325,241,261,84,21818,0.4801,0.7415,0.5828,0.9846,Facilities
T,spike,325,241,261,84,21818,0.4801,0.7415,0.5828,0.9846,Facilities
T,waste,0,0,261,0,21818,0.0,0.0,0.0,0.9882,Facilities
O,all,325,242,315,83,21764,0.4345,0.7446,0.5488,0.9822,Facilities
O,spike,325,242,315,83,21764,0.4345,0.7446,0.5488,0.9822,Facilities
O,waste,0,0,315,0,21764,0.0,0.0,0.0,0.9857,Facilities
