start,end,intervals,duration_hours,peak_z,mean_excess_kW,total_excess_kWh,building
2017-09-14 03:30:00+05:30,2017-09-14 10:30:00+05:30,42,7.0,8.41,37.38,261.69,Academic
2017-09-15 03:20:00+05:30,2017-09-15 11:10:00+05:30,48,8.0,7.78,34.41,275.28,Academic
2017-10-09 03:20:00+05:30,2017-10-09 10:10:00+05:30,42,7.0,7.23,38.72,271.05,Academic
2017-10-04 03:20:00+05:30,2017-10-04 11:10:00+05:30,45,7.5,7.15,36.85,276.41,Academic
2017-09-25 03:20:00+05:30,2017-09-25 09:50:00+05:30,38,6.33,6.97,35.43,224.41,Academic
2017-08-17 03:40:00+05:30,2017-08-17 10:40:00+05:30,41,6.83,6.94,35.8,244.63,Academic
2017-10-03 03:30:00+05:30,2017-10-03 11:10:00+05:30,47,7.83,6.93,37.19,291.28,Academic
2017-10-06 03:20:00+05:30,2017-10-06 11:20:00+05:30,49,8.17,6.89,36.98,302.03,Academic
2017-09-12 03:20:00+05:30,2017-09-12 11:10:00+05:30,46,7.67,6.88,34.12,261.56,Academic
2017-08-18 03:30:00+05:30,2017-08-18 11:10:00+05:30,46,7.67,6.88,35.14,269.43,Academic
2017-09-01 03:40:00+05:30,2017-09-01 11:20:00+05:30,47,7.83,6.84,31.26,244.84,Academic
2017-10-10 03:10:00+05:30,2017-10-10 11:20:00+05:30,47,7.83,6.84,34.98,274.02,Academic
2017-08-31 03:30:00+05:30,2017-08-31 10:20:00+05:30,40,6.67,6.8,33.87,225.81,Academic
2017-09-13 03:40:00+05:30,2017-09-13 09:40:00+05:30,37,6.17,6.79,38.87,239.67,Academic
2017-09-07 03:40:00+05:30,2017-09-07 10:20:00+05:30,39,6.5,6.76,36.75,238.86,Academic
2017-08-25 03:40:00+05:30,2017-08-25 10:00:00+05:30,39,6.5,6.76,35.94,233.6,Academic
2017-10-23 03:40:00+05:30,2017-10-23 09:40:00+05:30,37,6.17,6.76,36.73,226.51,Academic
2017-08-11 03:20:00+05:30,2017-08-11 10:20:00+05:30,43,7.17,6.74,34.09,244.3,Academic
2017-09-11 03:40:00+05:30,2017-09-11 10:00:00+05:30,39,6.5,6.72,36.35,236.26,Academic
2017-10-12 03:30:00+05:30,2017-10-12 10:00:00+05:30,40,6.67,6.67,35.23,234.83,Academic
2017-09-05 03:20:00+05:30,2017-09-05 11:10:00+05:30,48,8.0,6.67,34.25,273.97,Academic
2017-11-01 02:30:00+05:30,2017-11-01 10:50:00+05:30,51,8.5,6.65,36.12,307.0,Academic
2017-09-28 03:20:00+05:30,2017-09-28 13:00:00+05:30,59,9.83,6.64,37.11,364.89,Academic
2017-09-08 03:30:00+05:30,2017-09-08 11:20:00+05:30,48,8.0,6.63,33.54,268.34,Academic
2017-08-23 03:30:00+05:30,2017-08-23 09:40:00+05:30,38,6.33,6.62,34.84,220.65,Academic
2017-09-04 03:10:00+05:30,2017-09-04 09:50:00+05:30,41,6.83,6.61,37.35,255.2,Academic
2017-08-30 03:30:00+05:30,2017-08-30 11:00:00+05:30,43,7.17,6.59,34.88,249.96,Academic
2017-08-16 03:20:00+05:30,2017-08-16 11:00:00+05:30,46,7.67,6.53,33.74,258.67,Academic
2017-09-29 03:50:00+05:30,2017-09-29 12:30:00+05:30,53,8.83,6.51,36.67,323.93,Academic
2017-09-06 03:30:00+05:30,2017-09-06 10:40:00+05:30,41,6.83,6.5,34.91,238.58,Academic
2017-08-03 03:40:00+05:30,2017-08-03 10:40:00+05:30,43,7.17,6.45,33.05,236.88,Academic
2017-11-02 02:10:00+05:30,2017-11-02 11:00:00+05:30,53,8.83,6.43,32.48,286.93,Academic
2017-09-18 03:50:00+05:30,2017-09-18 10:10:00+05:30,39,6.5,6.4,34.7,225.55,Academic
2017-08-24 03:30:00+05:30,2017-08-24 09:50:00+05:30,39,6.5,6.4,34.98,227.4,Academic
2017-08-21 03:30:00+05:30,2017-08-21 09:50:00+05:30,39,6.5,6.4,36.29,235.89,Academic
2017-10-25 04:00:00+05:30,2017-10-25 11:00:00+05:30,43,7.17,6.36,33.73,241.74,Academic
2017-09-27 03:40:00+05:30,2017-09-27 10:20:00+05:30,40,6.67,6.34,34.15,227.68,Academic
2017-07-31 04:00:00+05:30,2017-07-31 09:40:00+05:30,35,5.83,6.31,34.77,202.83,Academic
2017-10-13 03:20:00+05:30,2017-10-13 10:00:00+05:30,41,6.83,6.3,36.55,249.77,Academic
2017-08-14 03:10:00+05:30,2017-08-14 09:50:00+05:30,41,6.83,6.25,34.18,233.6,Academic
2017-08-04 04:10:00+05:30,2017-08-04 09:30:00+05:30,33,5.5,6.24,34.51,189.83,Academic
2017-09-20 03:20:00+05:30,2017-09-20 09:40:00+05:30,38,6.33,6.19,32.94,208.64,Academic
2017-10-26 03:50:00+05:30,2017-10-26 12:40:00+05:30,54,9.0,6.17,33.41,300.73,Academic
2017-09-26 03:30:00+05:30,2017-09-26 10:30:00+05:30,42,7.0,6.14,34.31,240.16,Academic
2017-09-19 03:10:00+05:30,2017-09-19 09:50:00+05:30,40,6.67,6.11,31.22,208.13,Academic
2017-10-27 03:30:00+05:30,2017-10-27 11:20:00+05:30,48,8.0,6.06,30.76,246.08,Academic
2017-10-11 03:30:00+05:30,2017-10-11 09:50:00+05:30,39,6.5,6.05,33.64,218.67,Academic
2017-10-31 02:50:00+05:30,2017-10-31 09:40:00+05:30,42,7.0,6.01,32.72,229.04,Academic
2017-08-29 03:50:00+05:30,2017-08-29 09:50:00+05:30,37,6.17,5.99,32.99,203.45,Academic
2017-09-21 03:50:00+05:30,2017-09-21 09:50:00+05:30,36,6.0,5.98,34.15,204.88,Academic
2017-10-24 03:50:00+05:30,2017-10-24 09:50:00+05:30,37,6.17,5.97,34.03,209.84,Academic
2017-09-22 03:50:00+05:30,2017-09-22 08:50:00+05:30,31,5.17,5.89,34.45,178.01,Academic
2017-08-01 03:40:00+05:30,2017-08-01 08:50:00+05:30,32,5.33,5.88,33.21,177.1,Academic
2017-11-03 02:40:00+05:30,2017-11-03 12:20:00+05:30,58,9.67,5.88,30.58,295.59,Academic
2017-08-28 03:40:00+05:30,2017-08-28 08:50:00+05:30,32,5.33,5.86,33.73,179.9,Academic
2017-07-10 04:20:00+05:30,2017-07-10 12:40:00+05:30,50,8.33,5.85,28.12,234.37,Academic
2017-08-22 03:20:00+05:30,2017-08-22 09:40:00+05:30,39,6.5,5.79,32.69,212.47,Academic
2017-07-11 04:20:00+05:30,2017-07-11 08:50:00+05:30,28,4.67,5.61,29.67,138.45,Academic
2017-08-10 03:30:00+05:30,2017-08-10 09:40:00+05:30,38,6.33,5.61,30.46,192.94,Academic
2017-07-17 04:10:00+05:30,2017-07-17 08:50:00+05:30,29,4.83,5.6,29.01,140.22,Academic
2017-08-02 04:00:00+05:30,2017-08-02 09:20:00+05:30,33,5.5,5.51,31.55,173.52,Academic
2017-10-30 03:00:00+05:30,2017-10-30 09:50:00+05:30,42,7.0,5.42,30.24,211.69,Academic
2017-07-24 04:20:00+05:30,2017-07-24 08:50:00+05:30,28,4.67,5.42,30.28,141.3,Academic
2017-07-26 04:20:00+05:30,2017-07-26 08:50:00+05:30,28,4.67,5.3,28.66,133.75,Academic
2017-07-27 04:30:00+05:30,2017-07-27 08:40:00+05:30,26,4.33,5.15,29.26,126.78,Academic
2017-07-14 04:30:00+05:30,2017-07-14 08:50:00+05:30,27,4.5,5.1,27.89,125.49,Academic
2017-07-12 05:00:00+05:30,2017-07-12 08:50:00+05:30,24,4.0,4.93,27.64,110.57,Academic
2017-10-28 03:40:00+05:30,2017-10-28 08:50:00+05:30,32,5.33,4.93,28.53,152.15,Academic
2017-07-25 04:20:00+05:30,2017-07-25 08:40:00+05:30,27,4.5,4.91,27.99,125.96,Academic
2017-10-17 04:20:00+05:30,2017-10-17 08:50:00+05:30,28,4.67,4.86,27.66,129.06,Academic
2017-09-16 05:00:00+05:30,2017-09-16 08:50:00+05:30,24,4.0,4.75,26.29,105.15,Academic
2017-10-16 03:40:00+05:30,2017-10-16 08:50:00+05:30,32,5.33,4.71,27.29,145.52,Academic
2017-08-19 05:10:00+05:30,2017-08-19 07:40:00+05:30,16,2.67,4.63,26.12,69.65,Academic
2017-07-20 05:20:00+05:30,2017-07-20 08:50:00+05:30,22,3.67,4.59,25.39,93.09,Academic
2017-07-28 04:30:00+05:30,2017-07-28 08:50:00+05:30,27,4.5,4.59,25.79,116.04,Academic
2017-07-13 04:30:00+05:30,2017-07-13 07:50:00+05:30,21,3.5,4.58,27.64,96.76,Academic
2017-09-09 05:00:00+05:30,2017-09-09 08:50:00+05:30,24,4.0,4.51,25.07,100.28,Academic
2017-07-21 04:50:00+05:30,2017-07-21 08:40:00+05:30,24,4.0,4.48,25.4,101.59,Academic
2017-07-19 04:40:00+05:30,2017-07-19 08:30:00+05:30,23,3.83,4.29,25.13,96.35,Academic
2017-08-09 08:30:00+05:30,2017-08-09 08:30:00+05:30,1,0.17,4.27,28.99,4.83,Academic
2017-10-18 04:20:00+05:30,2017-10-18 08:20:00+05:30,24,4.0,4.22,24.84,99.38,Academic
2017-07-18 04:30:00+05:30,2017-07-18 08:10:00+05:30,22,3.67,4.2,24.29,89.05,Academic
2017-08-20 04:50:00+05:30,2017-08-20 07:50:00+05:30,19,3.17,3.7,21.35,67.61,Academic
2017-07-15 06:00:00+05:30,2017-07-15 07:20:00+05:30,9,1.5,3.63,21.48,32.23,Academic
2017-06-15 11:20:00+05:30,2017-06-15 11:30:00+05:30,2,0.33,3.58,21.53,7.18,Academic
2017-09-13 10:20:00+05:30,2017-09-13 11:10:00+05:30,4,0.67,3.53,20.87,13.92,Academic
2017-08-26 05:50:00+05:30,2017-08-26 07:50:00+05:30,12,2.0,3.47,20.47,40.94,Academic
2017-10-30 10:30:00+05:30,2017-10-30 11:20:00+05:30,5,0.83,3.46,21.29,17.74,Academic
2017-10-30 12:00:00+05:30,2017-10-30 12:20:00+05:30,3,0.5,3.43,21.3,10.65,Academic
2017-10-20 06:00:00+05:30,2017-10-20 06:50:00+05:30,6,1.0,3.32,19.99,19.99,Academic
2017-08-24 10:30:00+05:30,2017-08-24 10:40:00+05:30,2,0.33,3.3,19.89,6.63,Academic
2017-09-08 12:10:00+05:30,2017-09-08 12:30:00+05:30,3,0.5,3.28,19.76,9.88,Academic
2017-08-29 10:30:00+05:30,2017-08-29 10:40:00+05:30,2,0.33,3.24,19.86,6.62,Academic
2017-10-11 11:00:00+05:30,2017-10-11 11:20:00+05:30,3,0.5,3.18,19.37,9.68,Academic
2017-07-29 07:20:00+05:30,2017-07-29 07:40:00+05:30,2,0.33,3.09,18.96,6.32,Academic
2017-07-13 08:30:00+05:30,2017-07-13 08:30:00+05:30,1,0.17,3.08,19.15,3.19,Academic
2017-08-23 10:20:00+05:30,2017-08-23 10:20:00+05:30,1,0.17,3.06,18.95,3.16,Academic
2017-06-16 07:40:00+05:30,2017-06-16 07:50:00+05:30,2,0.33,3.06,18.83,6.28,Academic
2017-07-18 08:50:00+05:30,2017-07-18 08:50:00+05:30,1,0.17,3.04,18.81,3.13,Academic
2017-10-28 11:00:00+05:30,2017-10-28 11:00:00+05:30,1,0.17,3.04,18.83,3.14,Academic
2017-09-23 06:50:00+05:30,2017-09-23 06:50:00+05:30,1,0.17,3.04,18.8,3.13,Academic
2017-10-09 11:00:00+05:30,2017-10-09 11:00:00+05:30,1,0.17,3.02,18.69,3.11,Academic
2017-06-06 12:00:00+05:30,2017-06-06 12:00:00+05:30,1,0.17,3.01,18.55,3.09,Academic
2017-10-10 14:00:00+05:30,2017-10-10 18:50:00+05:30,29,4.83,6.9,39.37,190.27,Boys_Hostel
2017-09-28 13:30:00+05:30,2017-09-28 18:50:00+05:30,33,5.5,5.89,37.07,203.87,Boys_Hostel
2017-10-09 13:40:00+05:30,2017-10-09 16:40:00+05:30,19,3.17,5.28,33.95,107.51,Boys_Hostel
2017-10-05 13:40:00+05:30,2017-10-05 18:10:00+05:30,28,4.67,5.12,33.21,154.96,Boys_Hostel
2017-10-30 13:20:00+05:30,2017-10-30 17:30:00+05:30,23,3.83,5.07,31.8,121.89,Boys_Hostel
2017-10-04 13:50:00+05:30,2017-10-04 18:50:00+05:30,28,4.67,5.05,33.69,157.24,Boys_Hostel
2017-10-11 14:10:00+05:30,2017-10-11 19:20:00+05:30,31,5.17,4.92,31.84,164.52,Boys_Hostel
2017-10-31 13:30:00+05:30,2017-10-31 14:00:00+05:30,4,0.67,4.74,34.76,23.17,Boys_Hostel
2017-10-03 13:50:00+05:30,2017-10-03 16:30:00+05:30,16,2.67,4.67,31.0,82.67,Boys_Hostel
2017-11-02 12:10:00+05:30,2017-11-02 14:40:00+05:30,16,2.67,4.63,32.54,86.77,Boys_Hostel
2017-10-12 14:20:00+05:30,2017-10-12 18:50:00+05:30,25,4.17,4.48,28.27,117.78,Boys_Hostel
2017-10-27 14:20:00+05:30,2017-10-27 15:20:00+05:30,7,1.17,4.22,29.31,34.2,Boys_Hostel
2017-10-26 13:30:00+05:30,2017-10-26 17:50:00+05:30,26,4.33,4.21,28.99,125.63,Boys_Hostel
2017-09-25 15:00:00+05:30,2017-09-25 17:50:00+05:30,18,3.0,4.17,29.67,89.02,Boys_Hostel
2017-09-29 13:50:00+05:30,2017-09-29 15:50:00+05:30,13,2.17,4.14,31.2,67.61,Boys_Hostel
2017-10-06 13:40:00+05:30,2017-10-06 15:10:00+05:30,8,1.33,4.09,30.61,40.82,Boys_Hostel
2017-09-04 15:20:00+05:30,2017-09-04 16:40:00+05:30,9,1.5,4.08,28.85,43.28,Boys_Hostel
2017-08-10 14:50:00+05:30,2017-08-10 16:10:00+05:30,9,1.5,4.07,29.81,44.71,Boys_Hostel
2017-11-03 14:20:00+05:30,2017-11-03 14:30:00+05:30,2,0.33,4.03,30.1,10.03,Boys_Hostel
2017-10-06 18:20:00+05:30,2017-10-06 20:40:00+05:30,14,2.33,4.03,27.07,63.16,Boys_Hostel
2017-08-18 15:00:00+05:30,2017-08-18 18:40:00+05:30,22,3.67,4.02,28.58,104.81,Boys_Hostel
2017-09-28 20:30:00+05:30,2017-09-28 23:00:00+05:30,16,2.67,3.96,28.68,76.48,Boys_Hostel
2017-10-03 17:30:00+05:30,2017-10-03 17:40:00+05:30,2,0.33,3.96,31.35,10.45,Boys_Hostel
2017-09-14 15:00:00+05:30,2017-09-14 16:00:00+05:30,7,1.17,3.95,28.48,33.23,Boys_Hostel
2017-09-13 14:10:00+05:30,2017-09-13 15:10:00+05:30,7,1.17,3.93,28.38,33.11,Boys_Hostel
2017-08-14 14:50:00+05:30,2017-08-14 16:20:00+05:30,10,1.67,3.89,28.98,48.29,Boys_Hostel
2017-08-24 15:20:00+05:30,2017-08-24 16:10:00+05:30,6,1.0,3.87,30.52,30.52,Boys_Hostel
2017-09-21 14:50:00+05:30,2017-09-21 16:10:00+05:30,9,1.5,3.86,29.51,44.27,Boys_Hostel
2017-08-23 17:40:00+05:30,2017-08-23 17:40:00+05:30,1,0.17,3.83,31.0,5.17,Boys_Hostel
2017-10-04 20:30:00+05:30,2017-10-04 22:00:00+05:30,10,1.67,3.82,27.46,45.77,Boys_Hostel
2017-09-12 14:40:00+05:30,2017-09-12 16:10:00+05:30,10,1.67,3.8,27.49,45.82,Boys_Hostel
2017-10-13 13:50:00+05:30,2017-10-13 16:10:00+05:30,15,2.5,3.79,28.24,70.6,Boys_Hostel
2017-09-26 16:30:00+05:30,2017-09-26 17:50:00+05:30,9,1.5,3.79,28.44,42.67,Boys_Hostel
2017-08-30 14:40:00+05:30,2017-08-30 15:20:00+05:30,5,0.83,3.75,28.46,23.72,Boys_Hostel
2017-10-24 14:00:00+05:30,2017-10-24 16:20:00+05:30,15,2.5,3.69,28.28,70.7,Boys_Hostel
2017-10-28 15:00:00+05:30,2017-10-28 16:30:00+05:30,10,1.67,3.63,27.94,46.57,Boys_Hostel
2017-11-03 12:30:00+05:30,2017-11-03 12:30:00+05:30,1,0.17,3.61,29.09,4.85,Boys_Hostel
2017-11-03 13:20:00+05:30,2017-11-03 13:20:00+05:30,1,0.17,3.56,28.69,4.78,Boys_Hostel
2017-11-01 12:50:00+05:30,2017-11-01 16:30:00+05:30,20,3.33,3.5,25.68,85.61,Boys_Hostel
2017-09-13 17:40:00+05:30,2017-09-13 18:00:00+05:30,3,0.5,3.47,26.16,13.08,Boys_Hostel
2017-10-04 19:30:00+05:30,2017-10-04 19:40:00+05:30,2,0.33,3.46,26.6,8.87,Boys_Hostel
2017-10-25 17:40:00+05:30,2017-10-25 18:50:00+05:30,8,1.33,3.45,25.77,34.36,Boys_Hostel
2017-10-07 13:50:00+05:30,2017-10-07 15:00:00+05:30,6,1.0,3.41,25.46,25.46,Boys_Hostel
2017-09-11 15:20:00+05:30,2017-09-11 15:30:00+05:30,2,0.33,3.38,25.87,8.62,Boys_Hostel
2017-08-20 15:20:00+05:30,2017-08-20 15:50:00+05:30,4,0.67,3.35,26.05,17.36,Boys_Hostel
2017-08-21 15:30:00+05:30,2017-08-21 15:40:00+05:30,2,0.33,3.27,26.08,8.69,Boys_Hostel
2017-08-23 15:20:00+05:30,2017-08-23 15:20:00+05:30,1,0.17,3.26,26.15,4.36,Boys_Hostel
2017-10-25 15:10:00+05:30,2017-10-25 15:20:00+05:30,2,0.33,3.25,25.9,8.63,Boys_Hostel
2017-09-12 17:20:00+05:30,2017-09-12 17:30:00+05:30,2,0.33,3.23,25.44,8.48,Boys_Hostel
2017-10-29 17:50:00+05:30,2017-10-29 17:50:00+05:30,1,0.17,3.21,25.79,4.3,Boys_Hostel
2017-08-16 15:10:00+05:30,2017-08-16 15:40:00+05:30,2,0.33,3.2,25.18,8.39,Boys_Hostel
2017-09-14 14:20:00+05:30,2017-09-14 14:20:00+05:30,1,0.17,3.16,25.34,4.22,Boys_Hostel
2017-08-17 14:50:00+05:30,2017-08-17 16:00:00+05:30,5,0.83,3.16,24.57,20.48,Boys_Hostel
2017-07-12 15:50:00+05:30,2017-07-12 15:50:00+05:30,1,0.17,3.14,25.16,4.19,Boys_Hostel
2017-10-26 10:10:00+05:30,2017-10-26 10:10:00+05:30,1,0.17,3.14,25.16,4.19,Boys_Hostel
2017-10-11 21:00:00+05:30,2017-10-11 21:00:00+05:30,1,0.17,3.13,25.08,4.18,Boys_Hostel
2017-09-05 14:20:00+05:30,2017-09-05 14:30:00+05:30,2,0.33,3.13,24.94,8.31,Boys_Hostel
2017-09-26 15:00:00+05:30,2017-09-26 15:00:00+05:30,1,0.17,3.11,24.9,4.15,Boys_Hostel
2017-09-11 16:10:00+05:30,2017-09-11 16:10:00+05:30,1,0.17,3.06,24.53,4.09,Boys_Hostel
2017-08-11 17:10:00+05:30,2017-08-11 17:10:00+05:30,1,0.17,3.04,24.31,4.05,Boys_Hostel
2017-10-26 11:50:00+05:30,2017-10-26 11:50:00+05:30,1,0.17,3.01,24.06,4.01,Boys_Hostel
2017-10-10 17:40:00+05:30,2017-10-10 17:40:00+05:30,1,0.17,3.07,12.44,2.07,Girls_Hostel
2017-10-05 15:20:00+05:30,2017-10-05 15:20:00+05:30,1,0.17,3.0,12.15,2.03,Girls_Hostel
2017-07-25 07:50:00+05:30,2017-07-25 09:30:00+05:30,11,1.83,4.29,32.48,59.54,Mess
2017-07-12 08:20:00+05:30,2017-07-12 08:50:00+05:30,4,0.67,4.0,34.0,22.67,Mess
2017-08-23 07:50:00+05:30,2017-08-23 08:10:00+05:30,3,0.5,3.9,33.06,16.53,Mess
2017-08-22 07:30:00+05:30,2017-08-22 08:50:00+05:30,9,1.5,3.75,30.29,45.43,Mess
2017-06-06 13:10:00+05:30,2017-06-06 14:20:00+05:30,8,1.33,3.74,30.06,40.08,Mess
2017-07-10 08:20:00+05:30,2017-07-10 09:30:00+05:30,8,1.33,3.72,29.53,39.38,Mess
2017-08-25 08:10:00+05:30,2017-08-25 08:50:00+05:30,4,0.67,3.65,29.72,19.82,Mess
2017-08-21 07:50:00+05:30,2017-08-21 08:50:00+05:30,7,1.17,3.48,28.73,33.51,Mess
2017-08-17 08:30:00+05:30,2017-08-17 08:50:00+05:30,3,0.5,3.4,29.7,14.85,Mess
2017-07-28 09:40:00+05:30,2017-07-28 09:50:00+05:30,2,0.33,3.39,29.21,9.74,Mess
2017-08-02 05:10:00+05:30,2017-08-02 05:10:00+05:30,1,0.17,3.39,30.6,5.1,Mess
2017-07-21 08:10:00+05:30,2017-07-21 09:00:00+05:30,6,1.0,3.39,29.16,29.16,Mess
2017-07-12 07:10:00+05:30,2017-07-12 07:20:00+05:30,2,0.33,3.38,29.5,9.83,Mess
2017-07-13 09:30:00+05:30,2017-07-13 09:30:00+05:30,1,0.17,3.36,30.32,5.05,Mess
2017-08-29 08:00:00+05:30,2017-08-29 08:10:00+05:30,2,0.33,3.36,28.76,9.59,Mess
2017-07-24 09:40:00+05:30,2017-07-24 10:30:00+05:30,4,0.67,3.34,28.85,19.24,Mess
2017-07-24 08:30:00+05:30,2017-07-24 08:50:00+05:30,3,0.5,3.32,28.74,14.37,Mess
2017-07-14 07:00:00+05:30,2017-07-14 07:10:00+05:30,2,0.33,3.31,29.74,9.91,Mess
2017-07-11 07:00:00+05:30,2017-07-11 08:00:00+05:30,6,1.0,3.31,28.56,28.56,Mess
2017-06-23 13:40:00+05:30,2017-06-23 14:00:00+05:30,3,0.5,3.3,28.14,14.07,Mess
2017-07-28 07:00:00+05:30,2017-07-28 07:20:00+05:30,3,0.5,3.3,28.76,14.38,Mess
2017-07-19 08:10:00+05:30,2017-07-19 09:10:00+05:30,5,0.83,3.27,27.95,23.29,Mess
2017-06-13 13:40:00+05:30,2017-06-13 14:20:00+05:30,5,0.83,3.27,28.67,23.89,Mess
2017-07-31 07:20:00+05:30,2017-07-31 07:30:00+05:30,2,0.33,3.26,28.21,9.4,Mess
2017-08-28 08:20:00+05:30,2017-08-28 08:30:00+05:30,2,0.33,3.22,28.41,9.47,Mess
2017-07-27 08:40:00+05:30,2017-07-27 08:50:00+05:30,2,0.33,3.21,28.56,9.52,Mess
2017-08-23 08:50:00+05:30,2017-08-23 08:50:00+05:30,1,0.17,3.21,28.92,4.82,Mess
2017-08-18 15:30:00+05:30,2017-08-18 15:50:00+05:30,3,0.5,3.21,28.2,14.1,Mess
2017-08-04 08:10:00+05:30,2017-08-04 08:50:00+05:30,3,0.5,3.2,28.1,14.05,Mess
2017-07-10 10:10:00+05:30,2017-07-10 10:10:00+05:30,1,0.17,3.18,28.67,4.78,Mess
2017-08-31 07:50:00+05:30,2017-08-31 07:50:00+05:30,1,0.17,3.15,28.35,4.73,Mess
2017-07-18 08:40:00+05:30,2017-07-18 08:40:00+05:30,1,0.17,3.13,28.23,4.7,Mess
2017-06-05 14:10:00+05:30,2017-06-05 14:30:00+05:30,2,0.33,3.13,27.89,9.3,Mess
2017-07-17 08:30:00+05:30,2017-07-17 08:50:00+05:30,2,0.33,3.12,27.92,9.31,Mess
2017-07-26 07:40:00+05:30,2017-07-26 07:40:00+05:30,1,0.17,3.1,27.93,4.65,Mess
2017-08-03 08:00:00+05:30,2017-08-03 08:30:00+05:30,4,0.67,3.09,27.43,18.29,Mess
2017-07-25 10:50:00+05:30,2017-07-25 11:00:00+05:30,2,0.33,3.08,27.75,9.25,Mess
2017-09-18 07:50:00+05:30,2017-09-18 07:50:00+05:30,1,0.17,3.08,27.77,4.63,Mess
2017-07-31 08:30:00+05:30,2017-07-31 08:40:00+05:30,2,0.33,3.08,27.43,9.14,Mess
2017-09-05 07:50:00+05:30,2017-09-05 07:50:00+05:30,1,0.17,3.07,27.62,4.6,Mess
2017-06-07 14:20:00+05:30,2017-06-07 14:20:00+05:30,1,0.17,3.04,27.36,4.56,Mess
2017-06-13 12:00:00+05:30,2017-06-13 12:00:00+05:30,1,0.17,3.01,27.15,4.53,Mess
2017-07-10 06:20:00+05:30,2017-07-10 06:20:00+05:30,1,0.17,3.0,27.05,4.51,Mess
2017-10-06 04:30:00+05:30,2017-10-06 09:00:00+05:30,28,4.67,5.03,22.44,104.74,Library
2017-08-24 04:40:00+05:30,2017-08-24 08:50:00+05:30,26,4.33,4.98,24.05,104.21,Library
2017-10-04 04:20:00+05:30,2017-10-04 09:00:00+05:30,29,4.83,4.94,23.91,115.56,Library
2017-07-31 05:20:00+05:30,2017-07-31 09:50:00+05:30,28,4.67,4.83,22.03,102.82,Library
2017-08-17 04:30:00+05:30,2017-08-17 08:50:00+05:30,27,4.5,4.81,22.51,101.29,Library
2017-08-29 04:20:00+05:30,2017-08-29 08:50:00+05:30,28,4.67,4.8,22.39,104.48,Library
2017-08-03 05:50:00+05:30,2017-08-03 10:10:00+05:30,26,4.33,4.74,20.39,88.34,Library
2017-08-22 04:30:00+05:30,2017-08-22 08:50:00+05:30,27,4.5,4.7,22.32,100.44,Library
2017-08-23 04:20:00+05:30,2017-08-23 09:10:00+05:30,30,5.0,4.65,22.43,112.13,Library
2017-08-21 04:10:00+05:30,2017-08-21 08:50:00+05:30,29,4.83,4.62,21.07,101.83,Library
2017-07-14 04:50:00+05:30,2017-07-14 09:50:00+05:30,31,5.17,4.62,21.01,108.54,Library
2017-08-30 04:50:00+05:30,2017-08-30 09:00:00+05:30,26,4.33,4.56,21.72,94.13,Library
2017-08-18 05:20:00+05:30,2017-08-18 09:20:00+05:30,25,4.17,4.56,20.73,86.37,Library
2017-08-31 04:50:00+05:30,2017-08-31 08:50:00+05:30,25,4.17,4.54,21.33,88.86,Library
2017-09-07 05:00:00+05:30,2017-09-07 09:00:00+05:30,25,4.17,4.54,21.45,89.37,Library
2017-07-13 05:30:00+05:30,2017-07-13 09:10:00+05:30,21,3.5,4.53,20.94,73.31,Library
2017-10-09 04:20:00+05:30,2017-10-09 08:50:00+05:30,26,4.33,4.51,21.4,92.73,Library
2017-09-11 04:10:00+05:30,2017-09-11 08:50:00+05:30,29,4.83,4.51,20.35,98.37,Library
2017-11-01 03:40:00+05:30,2017-11-01 09:10:00+05:30,34,5.67,4.46,19.77,112.05,Library
2017-09-15 05:00:00+05:30,2017-09-15 09:10:00+05:30,26,4.33,4.45,20.12,87.19,Library
2017-09-27 04:30:00+05:30,2017-09-27 08:50:00+05:30,27,4.5,4.45,21.61,97.25,Library
2017-08-10 04:40:00+05:30,2017-08-10 08:50:00+05:30,26,4.33,4.38,20.52,88.91,Library
2017-10-12 04:20:00+05:30,2017-10-12 08:50:00+05:30,28,4.67,4.36,20.6,96.12,Library
2017-09-05 05:10:00+05:30,2017-09-05 09:20:00+05:30,26,4.33,4.36,21.56,93.42,Library
2017-08-16 05:30:00+05:30,2017-08-16 09:00:00+05:30,22,3.67,4.34,21.72,79.63,Library
2017-10-11 05:00:00+05:30,2017-10-11 09:00:00+05:30,25,4.17,4.33,20.83,86.78,Library
2017-09-26 05:30:00+05:30,2017-09-26 08:50:00+05:30,21,3.5,4.31,18.95,66.31,Library
2017-08-01 04:10:00+05:30,2017-08-01 08:10:00+05:30,12,2.0,4.3,21.75,43.51,Library
2017-08-25 04:40:00+05:30,2017-08-25 09:50:00+05:30,32,5.33,4.3,20.54,109.55,Library
2017-09-08 04:10:00+05:30,2017-09-08 08:50:00+05:30,29,4.83,4.29,19.83,95.83,Library
2017-09-29 05:00:00+05:30,2017-09-29 08:50:00+05:30,21,3.5,4.25,21.08,73.78,Library
2017-08-11 04:30:00+05:30,2017-08-11 08:50:00+05:30,27,4.5,4.21,19.73,88.8,Library
2017-09-04 06:00:00+05:30,2017-09-04 08:40:00+05:30,17,2.83,4.2,20.35,57.66,Library
2017-08-14 04:20:00+05:30,2017-08-14 08:50:00+05:30,28,4.67,4.19,19.73,92.09,Library
2017-10-30 06:00:00+05:30,2017-10-30 09:00:00+05:30,19,3.17,4.17,19.96,63.2,Library
2017-10-23 04:40:00+05:30,2017-10-23 08:50:00+05:30,24,4.0,4.17,19.02,76.09,Library
2017-09-13 04:40:00+05:30,2017-09-13 08:50:00+05:30,26,4.33,4.17,20.31,88.02,Library
2017-10-26 04:30:00+05:30,2017-10-26 13:30:00+05:30,54,9.0,4.15,19.01,171.09,Library
2017-10-03 06:00:00+05:30,2017-10-03 09:30:00+05:30,20,3.33,4.15,19.27,64.22,Library
2017-09-06 05:20:00+05:30,2017-09-06 09:00:00+05:30,23,3.83,4.15,20.79,79.7,Library
2017-08-02 05:20:00+05:30,2017-08-02 08:50:00+05:30,22,3.67,4.12,19.61,71.92,Library
2017-08-04 06:50:00+05:30,2017-08-04 08:50:00+05:30,13,2.17,4.1,20.3,43.98,Library
2017-10-13 04:30:00+05:30,2017-10-13 08:50:00+05:30,27,4.5,4.09,19.73,88.8,Library
2017-09-25 04:40:00+05:30,2017-09-25 08:50:00+05:30,23,3.83,4.09,19.12,73.29,Library
2017-10-27 06:20:00+05:30,2017-10-27 09:00:00+05:30,14,2.33,4.09,19.14,44.66,Library
2017-09-14 04:30:00+05:30,2017-09-14 08:50:00+05:30,27,4.5,4.09,19.51,87.8,Library
2017-10-24 05:10:00+05:30,2017-10-24 08:50:00+05:30,23,3.83,4.09,19.88,76.22,Library
2017-10-10 04:40:00+05:30,2017-10-10 08:50:00+05:30,25,4.17,4.07,20.41,85.04,Library
2017-07-19 05:10:00+05:30,2017-07-19 07:50:00+05:30,15,2.5,4.03,19.97,49.92,Library
2017-11-02 06:00:00+05:30,2017-11-02 08:50:00+05:30,15,2.5,4.01,19.09,47.72,Library
2017-09-12 05:40:00+05:30,2017-09-12 08:50:00+05:30,19,3.17,3.99,20.04,63.46,Library
2017-07-15 06:20:00+05:30,2017-07-15 08:50:00+05:30,16,2.67,3.99,20.09,53.57,Library
2017-09-28 06:00:00+05:30,2017-09-28 10:00:00+05:30,23,3.83,3.93,18.53,71.04,Library
2017-09-21 05:50:00+05:30,2017-09-21 08:50:00+05:30,19,3.17,3.83,18.82,59.59,Library
2017-08-09 08:30:00+05:30,2017-08-09 08:40:00+05:30,2,0.33,3.81,20.75,6.92,Library
2017-07-10 06:00:00+05:30,2017-07-10 07:50:00+05:30,7,1.17,3.77,18.08,21.09,Library
2017-08-28 04:20:00+05:30,2017-08-28 08:50:00+05:30,28,4.67,3.75,18.52,86.45,Library
2017-09-18 06:00:00+05:30,2017-09-18 08:30:00+05:30,16,2.67,3.72,18.85,50.26,Library
2017-09-01 05:40:00+05:30,2017-09-01 08:50:00+05:30,20,3.33,3.72,18.34,61.13,Library
2017-09-22 05:50:00+05:30,2017-09-22 07:50:00+05:30,13,2.17,3.7,18.86,40.86,Library
2017-10-03 04:50:00+05:30,2017-10-03 04:50:00+05:30,1,0.17,3.69,20.2,3.37,Library
2017-07-12 07:00:00+05:30,2017-07-12 07:50:00+05:30,6,1.0,3.68,18.83,18.83,Library
2017-11-03 06:00:00+05:30,2017-11-03 08:50:00+05:30,18,3.0,3.66,18.09,54.26,Library
2017-07-12 04:50:00+05:30,2017-07-12 06:20:00+05:30,10,1.67,3.6,17.37,28.96,Library
2017-09-20 06:00:00+05:30,2017-09-20 08:50:00+05:30,16,2.67,3.59,18.32,48.86,Library
2017-09-19 04:50:00+05:30,2017-09-19 07:50:00+05:30,17,2.83,3.57,18.18,51.52,Library
2017-10-31 06:00:00+05:30,2017-10-31 08:50:00+05:30,14,2.33,3.57,17.66,41.21,Library
2017-09-28 11:00:00+05:30,2017-09-28 13:10:00+05:30,14,2.33,3.51,18.09,42.2,Library
2017-07-24 07:00:00+05:30,2017-07-24 08:20:00+05:30,7,1.17,3.49,18.52,21.6,Library
2017-07-22 08:00:00+05:30,2017-07-22 10:50:00+05:30,18,3.0,3.48,17.4,52.2,Library
2017-10-25 04:20:00+05:30,2017-10-25 05:40:00+05:30,9,1.5,3.48,18.04,27.05,Library
2017-07-19 12:40:00+05:30,2017-07-19 13:00:00+05:30,3,0.5,3.37,17.18,8.59,Library
2017-07-21 06:40:00+05:30,2017-07-21 07:50:00+05:30,6,1.0,3.31,17.76,17.76,Library
2017-06-28 07:50:00+05:30,2017-06-28 07:50:00+05:30,1,0.17,3.23,17.56,2.93,Library
2017-09-21 04:30:00+05:30,2017-09-21 04:30:00+05:30,1,0.17,3.23,17.58,2.93,Library
2017-09-04 04:30:00+05:30,2017-09-04 05:20:00+05:30,6,1.0,3.23,17.21,17.21,Library
2017-08-25 12:20:00+05:30,2017-08-25 12:50:00+05:30,4,0.67,3.22,17.06,11.37,Library
2017-07-26 06:00:00+05:30,2017-07-26 06:30:00+05:30,4,0.67,3.2,17.17,11.45,Library
2017-09-29 11:10:00+05:30,2017-09-29 12:10:00+05:30,7,1.17,3.18,16.65,19.43,Library
2017-10-17 07:00:00+05:30,2017-10-17 07:50:00+05:30,6,1.0,3.12,16.64,16.64,Library
2017-09-28 04:40:00+05:30,2017-09-28 04:40:00+05:30,1,0.17,3.12,16.94,2.82,Library
2017-08-25 10:30:00+05:30,2017-08-25 10:40:00+05:30,2,0.33,3.1,16.61,5.54,Library
2017-10-16 07:50:00+05:30,2017-10-16 07:50:00+05:30,1,0.17,3.04,16.46,2.74,Library
2017-06-16 08:50:00+05:30,2017-06-16 08:50:00+05:30,1,0.17,3.03,16.41,2.74,Library
2017-11-03 11:00:00+05:30,2017-11-03 11:00:00+05:30,1,0.17,3.02,16.31,2.72,Library
2017-11-03 11:40:00+05:30,2017-11-03 11:40:00+05:30,1,0.17,3.01,16.28,2.71,Library
2017-08-14 04:50:00+05:30,2017-08-14 04:50:00+05:30,1,0.17,4.67,3.06,0.51,Lecture
2017-09-17 08:10:00+05:30,2017-09-17 08:10:00+05:30,1,0.17,4.13,2.63,0.44,Lecture
2017-10-16 03:30:00+05:30,2017-10-16 04:40:00+05:30,8,1.33,3.99,2.46,3.29,Lecture
2017-09-17 03:10:00+05:30,2017-09-17 05:50:00+05:30,17,2.83,3.9,2.32,6.57,Lecture
2017-09-03 03:10:00+05:30,2017-09-03 03:10:00+05:30,1,0.17,3.79,2.37,0.39,Lecture
2017-09-24 04:50:00+05:30,2017-09-24 05:50:00+05:30,7,1.17,3.67,2.26,2.64,Lecture
2017-08-14 06:40:00+05:30,2017-08-14 06:40:00+05:30,1,0.17,3.42,2.08,0.35,Lecture
2017-09-02 04:50:00+05:30,2017-09-02 04:50:00+05:30,1,0.17,3.34,2.01,0.34,Lecture
2017-06-05 15:00:00+05:30,2017-06-05 16:30:00+05:30,8,1.33,4.53,8.84,11.78,Facilities
2017-09-20 05:10:00+05:30,2017-09-20 06:00:00+05:30,4,0.67,4.36,7.72,5.15,Facilities
2017-07-26 05:40:00+05:30,2017-07-26 05:50:00+05:30,2,0.33,4.05,8.07,2.69,Facilities
2017-09-13 04:40:00+05:30,2017-09-13 07:40:00+05:30,16,2.67,4.05,7.6,20.26,Facilities
2017-10-13 05:10:00+05:30,2017-10-13 07:00:00+05:30,11,1.83,4.04,7.28,13.35,Facilities
2017-09-27 05:40:00+05:30,2017-09-27 07:20:00+05:30,11,1.83,4.02,7.63,13.99,Facilities
2017-08-23 05:30:00+05:30,2017-08-23 07:40:00+05:30,12,2.0,4.01,7.68,15.36,Facilities
2017-09-04 06:20:00+05:30,2017-09-04 08:30:00+05:30,12,2.0,4.0,7.58,15.16,Facilities
2017-10-06 04:50:00+05:30,2017-10-06 08:50:00+05:30,23,3.83,3.99,7.78,29.82,Facilities
2017-08-25 07:00:00+05:30,2017-08-25 08:00:00+05:30,7,1.17,3.93,7.8,9.09,Facilities
2017-09-14 05:00:00+05:30,2017-09-14 07:50:00+05:30,16,2.67,3.93,7.48,19.95,Facilities
2017-08-17 06:30:00+05:30,2017-08-17 07:50:00+05:30,8,1.33,3.93,8.01,10.68,Facilities
2017-10-09 05:00:00+05:30,2017-10-09 07:10:00+05:30,11,1.83,3.92,7.56,13.86,Facilities
2017-09-20 07:20:00+05:30,2017-09-20 08:10:00+05:30,4,0.67,3.91,7.64,5.09,Facilities
2017-09-11 04:30:00+05:30,2017-09-11 07:00:00+05:30,14,2.33,3.89,7.28,17.0,Facilities
2017-08-21 07:10:00+05:30,2017-08-21 07:40:00+05:30,4,0.67,3.88,7.82,5.21,Facilities
2017-06-06 15:30:00+05:30,2017-06-06 16:10:00+05:30,5,0.83,3.87,7.65,6.37,Facilities
2017-10-10 04:30:00+05:30,2017-10-10 05:30:00+05:30,6,1.0,3.87,7.38,7.38,Facilities
2017-09-19 05:20:00+05:30,2017-09-19 07:30:00+05:30,11,1.83,3.83,7.47,13.69,Facilities
2017-10-16 07:50:00+05:30,2017-10-16 08:00:00+05:30,2,0.33,3.82,7.78,2.59,Facilities
2017-07-10 11:00:00+05:30,2017-07-10 12:30:00+05:30,10,1.67,3.81,7.72,12.87,Facilities
2017-09-28 05:50:00+05:30,2017-09-28 07:50:00+05:30,9,1.5,3.79,7.45,11.17,Facilities
2017-09-18 07:40:00+05:30,2017-09-18 08:50:00+05:30,6,1.0,3.76,7.3,7.3,Facilities
2017-08-16 07:30:00+05:30,2017-08-16 08:50:00+05:30,9,1.5,3.76,7.27,10.9,Facilities
2017-08-17 04:40:00+05:30,2017-08-17 05:40:00+05:30,7,1.17,3.75,7.34,8.56,Facilities
2017-06-05 17:10:00+05:30,2017-06-05 18:10:00+05:30,7,1.17,3.69,7.64,8.92,Facilities
2017-09-06 05:10:00+05:30,2017-09-06 08:50:00+05:30,17,2.83,3.67,7.3,20.67,Facilities
2017-10-12 06:30:00+05:30,2017-10-12 07:30:00+05:30,6,1.0,3.66,7.15,7.15,Facilities
2017-07-11 05:40:00+05:30,2017-07-11 05:40:00+05:30,1,0.17,3.64,8.01,1.33,Facilities
2017-09-12 04:50:00+05:30,2017-09-12 06:20:00+05:30,7,1.17,3.63,7.12,8.31,Facilities
2017-09-05 06:20:00+05:30,2017-09-05 06:40:00+05:30,3,0.5,3.63,7.53,3.77,Facilities
2017-10-13 11:40:00+05:30,2017-10-13 12:10:00+05:30,4,0.67,3.61,7.25,4.83,Facilities
2017-08-18 05:00:00+05:30,2017-08-18 06:00:00+05:30,7,1.17,3.59,7.46,8.71,Facilities
2017-11-01 06:30:00+05:30,2017-11-01 06:50:00+05:30,3,0.5,3.56,7.39,3.7,Facilities
2017-10-11 06:40:00+05:30,2017-10-11 07:20:00+05:30,4,0.67,3.54,7.08,4.72,Facilities
2017-09-04 05:40:00+05:30,2017-09-04 05:40:00+05:30,1,0.17,3.51,7.68,1.28,Facilities
2017-09-20 10:20:00+05:30,2017-09-20 12:10:00+05:30,7,1.17,3.5,6.89,8.04,Facilities
2017-09-15 06:50:00+05:30,2017-09-15 07:10:00+05:30,2,0.33,3.5,7.44,2.48,Facilities
2017-09-15 05:10:00+05:30,2017-09-15 05:40:00+05:30,4,0.67,3.5,7.39,4.93,Facilities
2017-10-11 04:50:00+05:30,2017-10-11 05:20:00+05:30,3,0.5,3.49,7.03,3.51,Facilities
2017-07-26 10:40:00+05:30,2017-07-26 11:30:00+05:30,3,0.5,3.48,7.11,3.55,Facilities
2017-09-19 04:30:00+05:30,2017-09-19 04:30:00+05:30,1,0.17,3.45,7.54,1.26,Facilities
2017-08-30 04:50:00+05:30,2017-08-30 06:10:00+05:30,5,0.83,3.45,7.0,5.84,Facilities
2017-09-05 07:30:00+05:30,2017-09-05 07:50:00+05:30,3,0.5,3.44,7.1,3.55,Facilities
2017-08-18 08:00:00+05:30,2017-08-18 08:50:00+05:30,5,0.83,3.44,6.96,5.8,Facilities
2017-09-29 07:30:00+05:30,2017-09-29 07:50:00+05:30,3,0.5,3.43,7.36,3.68,Facilities
2017-09-11 08:00:00+05:30,2017-09-11 08:20:00+05:30,3,0.5,3.42,7.26,3.63,Facilities
2017-06-06 12:50:00+05:30,2017-06-06 13:20:00+05:30,4,0.67,3.42,7.27,4.85,Facilities
2017-10-10 07:10:00+05:30,2017-10-10 07:40:00+05:30,4,0.67,3.42,7.15,4.77,Facilities
2017-08-21 05:10:00+05:30,2017-08-21 05:40:00+05:30,3,0.5,3.4,7.14,3.57,Facilities
2017-06-06 11:30:00+05:30,2017-06-06 11:40:00+05:30,2,0.33,3.4,7.24,2.41,Facilities
2017-07-31 06:10:00+05:30,2017-07-31 06:20:00+05:30,2,0.33,3.39,7.08,2.36,Facilities
2017-07-19 05:00:00+05:30,2017-07-19 05:30:00+05:30,4,0.67,3.38,7.0,4.67,Facilities
2017-09-21 04:30:00+05:30,2017-09-21 04:40:00+05:30,2,0.33,3.38,6.89,2.3,Facilities
2017-09-29 05:30:00+05:30,2017-09-29 05:30:00+05:30,1,0.17,3.37,7.32,1.22,Facilities
2017-09-21 05:20:00+05:30,2017-09-21 05:30:00+05:30,2,0.33,3.33,7.23,2.41,Facilities
2017-08-10 04:50:00+05:30,2017-08-10 05:20:00+05:30,4,0.67,3.32,6.68,4.45,Facilities
2017-07-28 05:30:00+05:30,2017-07-28 05:30:00+05:30,1,0.17,3.31,7.18,1.2,Facilities
2017-09-08 05:30:00+05:30,2017-09-08 05:30:00+05:30,1,0.17,3.3,7.15,1.19,Facilities
2017-08-22 06:40:00+05:30,2017-08-22 07:10:00+05:30,3,0.5,3.3,6.79,3.39,Facilities
2017-09-04 05:00:00+05:30,2017-09-04 05:00:00+05:30,1,0.17,3.3,7.15,1.19,Facilities
2017-10-12 04:40:00+05:30,2017-10-12 05:00:00+05:30,2,0.33,3.29,6.9,2.3,Facilities
2017-07-10 05:00:00+05:30,2017-07-10 06:50:00+05:30,5,0.83,3.29,6.78,5.65,Facilities
2017-07-26 06:50:00+05:30,2017-07-26 06:50:00+05:30,1,0.17,3.28,7.12,1.19,Facilities
2017-06-13 13:10:00+05:30,2017-06-13 13:10:00+05:30,1,0.17,3.26,7.06,1.18,Facilities
2017-09-18 05:50:00+05:30,2017-09-18 06:20:00+05:30,3,0.5,3.24,6.87,3.44,Facilities
2017-09-12 08:30:00+05:30,2017-09-12 08:30:00+05:30,1,0.17,3.24,7.0,1.17,Facilities
2017-09-19 08:20:00+05:30,2017-09-19 08:30:00+05:30,2,0.33,3.24,7.0,2.33,Facilities
2017-11-02 07:30:00+05:30,2017-11-02 07:50:00+05:30,3,0.5,3.24,6.85,3.42,Facilities
2017-06-06 17:20:00+05:30,2017-06-06 17:20:00+05:30,1,0.17,3.23,6.99,1.17,Facilities
2017-08-16 05:50:00+05:30,2017-08-16 06:50:00+05:30,3,0.5,3.22,6.72,3.36,Facilities
2017-10-04 04:30:00+05:30,2017-10-04 04:50:00+05:30,3,0.5,3.21,6.71,3.36,Facilities
2017-08-11 11:30:00+05:30,2017-08-11 11:30:00+05:30,1,0.17,3.19,6.89,1.15,Facilities
2017-08-18 10:00:00+05:30,2017-08-18 10:30:00+05:30,2,0.33,3.17,6.8,2.27,Facilities
2017-08-28 05:10:00+05:30,2017-08-28 05:20:00+05:30,2,0.33,3.17,6.8,2.27,Facilities
2017-06-05 08:40:00+05:30,2017-06-05 08:50:00+05:30,2,0.33,3.17,6.8,2.27,Facilities
2017-07-28 04:40:00+05:30,2017-07-28 04:50:00+05:30,2,0.33,3.17,6.71,2.24,Facilities
2017-09-08 07:30:00+05:30,2017-09-08 07:50:00+05:30,3,0.5,3.17,6.7,3.35,Facilities
2017-10-04 07:40:00+05:30,2017-10-04 07:50:00+05:30,2,0.33,3.17,6.76,2.25,Facilities
2017-07-25 05:50:00+05:30,2017-07-25 05:50:00+05:30,1,0.17,3.16,6.82,1.14,Facilities
2017-08-09 05:00:00+05:30,2017-08-09 05:40:00+05:30,3,0.5,3.15,6.67,3.34,Facilities
2017-08-10 06:00:00+05:30,2017-08-10 06:00:00+05:30,1,0.17,3.14,6.77,1.13,Facilities
2017-05-25 15:00:00+05:30,2017-05-25 15:00:00+05:30,1,0.17,3.14,6.77,1.13,Facilities
2017-10-09 11:00:00+05:30,2017-10-09 11:00:00+05:30,1,0.17,3.13,6.74,1.12,Facilities
2017-05-24 15:30:00+05:30,2017-05-24 15:40:00+05:30,2,0.33,3.13,6.62,2.21,Facilities
2017-11-01 04:20:00+05:30,2017-11-01 04:20:00+05:30,1,0.17,3.12,6.73,1.12,Facilities
2017-09-29 10:40:00+05:30,2017-09-29 11:10:00+05:30,4,0.67,3.12,6.63,4.42,Facilities
2017-08-29 07:10:00+05:30,2017-08-29 07:10:00+05:30,1,0.17,3.12,6.72,1.12,Facilities
2017-09-18 04:50:00+05:30,2017-09-18 05:00:00+05:30,2,0.33,3.11,6.56,2.19,Facilities
2017-07-27 12:10:00+05:30,2017-07-27 12:10:00+05:30,1,0.17,3.11,6.68,1.11,Facilities
2017-05-26 14:20:00+05:30,2017-05-26 14:50:00+05:30,2,0.33,3.11,6.67,2.22,Facilities
2017-06-05 12:00:00+05:30,2017-06-05 12:00:00+05:30,1,0.17,3.1,6.68,1.11,Facilities
2017-09-05 08:40:00+05:30,2017-09-05 08:40:00+05:30,1,0.17,3.1,6.67,1.11,Facilities
2017-09-21 06:20:00+05:30,2017-09-21 06:30:00+05:30,2,0.33,3.09,6.57,2.19,Facilities
2017-07-14 05:10:00+05:30,2017-07-14 05:20:00+05:30,2,0.33,3.09,6.61,2.2,Facilities
2017-08-29 05:20:00+05:30,2017-08-29 06:00:00+05:30,5,0.83,3.08,6.53,5.44,Facilities
2017-05-25 15:50:00+05:30,2017-05-25 16:00:00+05:30,2,0.33,3.08,6.58,2.19,Facilities
2017-05-24 16:30:00+05:30,2017-05-24 16:30:00+05:30,1,0.17,3.08,6.63,1.11,Facilities
2017-09-27 11:00:00+05:30,2017-09-27 11:00:00+05:30,1,0.17,3.07,6.61,1.1,Facilities
2017-08-18 04:20:00+05:30,2017-08-18 04:20:00+05:30,1,0.17,3.07,6.61,1.1,Facilities
2017-05-25 11:20:00+05:30,2017-05-25 11:20:00+05:30,1,0.17,3.06,6.59,1.1,Facilities
2017-08-16 05:00:00+05:30,2017-08-16 05:00:00+05:30,1,0.17,3.05,6.54,1.09,Facilities
2017-07-12 07:40:00+05:30,2017-07-12 07:50:00+05:30,2,0.33,3.05,6.53,2.18,Facilities
2017-09-28 10:40:00+05:30,2017-09-28 10:40:00+05:30,1,0.17,3.05,6.54,1.09,Facilities
2017-09-08 10:20:00+05:30,2017-09-08 10:20:00+05:30,1,0.17,3.04,6.53,1.09,Facilities
2017-10-12 08:30:00+05:30,2017-10-12 08:30:00+05:30,1,0.17,3.04,6.52,1.09,Facilities
2017-09-15 10:30:00+05:30,2017-09-15 10:30:00+05:30,1,0.17,3.03,6.5,1.08,Facilities
2017-08-14 05:30:00+05:30,2017-08-14 05:30:00+05:30,1,0.17,3.03,6.49,1.08,Facilities
2017-08-22 06:00:00+05:30,2017-08-22 06:00:00+05:30,1,0.17,3.02,6.46,1.08,Facilities
2017-09-05 05:20:00+05:30,2017-09-05 05:20:00+05:30,1,0.17,3.02,6.47,1.08,Facilities
2017-10-17 06:10:00+05:30,2017-10-17 06:10:00+05:30,1,0.17,3.02,6.47,1.08,Facilities
2017-08-28 06:00:00+05:30,2017-08-28 06:00:00+05:30,1,0.17,3.01,6.46,1.08,Facilities
2017-08-14 08:30:00+05:30,2017-08-14 08:30:00+05:30,1,0.17,3.01,6.45,1.07,Facilities
2017-09-20 06:40:00+05:30,2017-09-20 06:40:00+05:30,1,0.17,3.01,6.46,1.08,Facilities
2017-08-31 06:00:00+05:30,2017-08-31 06:00:00+05:30,1,0.17,3.01,6.46,1.08,Facilities
2017-09-21 07:50:00+05:30,2017-09-21 07:50:00+05:30,1,0.17,3.01,6.46,1.08,Facilities
2017-11-01 07:40:00+05:30,2017-11-01 07:40:00+05:30,1,0.17,3.01,6.45,1.07,Facilities
