anomaly_type,events,events_detected,event_recall,building,detector
spike,199,70,0.3518,Academic,T
waste,65,26,0.4,Academic,T
spike,199,78,0.392,Academic,O
waste,65,30,0.4615,Academic,O
spike,198,107,0.5404,Boys_Hostel,T
waste,28,7,0.25,Boys_Hostel,T
spike,198,99,0.5,Boys_Hostel,O
waste,28,11,0.3929,Boys_Hostel,O
spike,198,106,0.5354,Girls_Hostel,T
waste,27,3,0.1111,Girls_Hostel,T
spike,198,93,0.4697,Girls_Hostel,O
waste,27,3,0.1111,Girls_Hostel,O
spike,199,63,0.3166,Mess,T
waste,122,19,0.1557,Mess,T
spike,199,60,0.3015,Mess,O
waste,122,19,0.1557,Mess,O
spike,198,61,0.3081,Library,T
waste,200,61,0.305,Library,T
spike,198,65,0.3283,Library,O
waste,200,66,0.33,Library,O
spike,196,47,0.2398,Lecture,T
waste,132,11,0.0833,Lecture,T
spike,196,28,0.1429,Lecture,O
waste,132,4,0.0303,Lecture,O
spike,198,145,0.7323,Facilities,T
spike,198,145,0.7323,Facilities,O
