,building,start,end,duration_hours,peak_z,mean_excess_kW,total_excess_kWh
1,Academic,2017-09-14 03:30:00+05:30,2017-09-14 10:30:00+05:30,7.0,8.41,37.38,261.66
2,Academic,2017-09-15 03:20:00+05:30,2017-09-15 11:10:00+05:30,8.0,7.78,34.41,275.26
3,Academic,2017-10-09 03:20:00+05:30,2017-10-09 10:10:00+05:30,7.0,7.23,38.72,271.05
4,Academic,2017-10-04 03:20:00+05:30,2017-10-04 11:10:00+05:30,7.5,7.15,36.86,276.42
5,Academic,2017-09-25 03:20:00+05:30,2017-09-25 09:50:00+05:30,6.33,6.97,35.43,224.38
6,Academic,2017-08-17 03:40:00+05:30,2017-08-17 10:40:00+05:30,6.83,6.94,35.8,244.63
7,Academic,2017-10-03 03:30:00+05:30,2017-10-03 11:10:00+05:30,7.83,6.93,37.19,291.29
8,Academic,2017-10-06 03:20:00+05:30,2017-10-06 11:20:00+05:30,8.17,6.89,36.98,302.04
9,Academic,2017-09-12 03:20:00+05:30,2017-09-12 11:10:00+05:30,7.67,6.88,34.11,261.54
10,Academic,2017-08-18 03:30:00+05:30,2017-08-18 11:10:00+05:30,7.67,6.88,35.14,269.43
