hour,Academic,Boys_Hostel,Girls_Hostel,Mess,Library,Lecture,Facilities
0,22443.0,41758.0,18030.0,20328.0,7883.0,1115.0,10167.0
1,21326.0,40213.0,17266.0,19145.0,7514.0,1127.0,10048.0
2,20408.0,37473.0,16433.0,17889.0,6947.0,1596.0,9951.0
3,21122.0,35042.0,15925.0,17273.0,6835.0,2655.0,9989.0
4,21705.0,33126.0,15476.0,17272.0,7722.0,3211.0,10094.0
5,20863.0,30785.0,14667.0,17697.0,7722.0,3296.0,10096.0
6,18586.0,26686.0,12558.0,18370.0,6372.0,3414.0,9979.0
7,20512.0,25352.0,11784.0,17786.0,5257.0,3241.0,10261.0
8,27736.0,26159.0,12393.0,20788.0,8014.0,3201.0,11381.0
9,36373.0,26218.0,12595.0,25002.0,11940.0,3259.0,12740.0
10,40465.0,26047.0,12778.0,24632.0,13023.0,3365.0,12800.0
11,41605.0,26718.0,12920.0,25406.0,13688.0,3270.0,12787.0
12,41441.0,27213.0,12935.0,26467.0,13817.0,3158.0,12850.0
13,39206.0,27510.0,12924.0,26981.0,12385.0,2773.0,12779.0
14,39182.0,27847.0,13005.0,26342.0,12804.0,2942.0,12852.0
15,39121.0,28741.0,13427.0,24748.0,13321.0,3065.0,12909.0
16,37496.0,28861.0,13527.0,24957.0,12983.0,3004.0,12682.0
17,32388.0,30118.0,14031.0,26838.0,12519.0,2584.0,11934.0
18,27240.0,35274.0,16014.0,29166.0,11173.0,1866.0,11112.0
19,26146.0,41748.0,17754.0,30533.0,10964.0,1889.0,10611.0
20,24834.0,42009.0,18182.0,29861.0,10199.0,2331.0,10599.0
21,24210.0,40436.0,18227.0,29324.0,9572.0,2965.0,10683.0
22,23966.0,41689.0,18611.0,25135.0,9429.0,2354.0,10415.0
23,23334.0,42378.0,18494.0,21992.0,9215.0,1132.0,10302.0
