,2013-08,2013-09,2013-10,2013-11,2013-12,2014-01,2014-02,2014-03,2014-04,2014-05,2014-06,2014-07,2014-08,2014-09,2014-10,2014-11,2014-12,2015-01,2015-02,2015-03,2015-04,2015-05,2015-06,2015-07,2015-08,2015-09,2015-10,2015-11,2015-12,2016-01,2016-02,2016-03,2016-04,2016-05,2016-06,2016-07,2016-08,2016-09,2016-10,2016-11,2016-12,2017-01,2017-02,2017-03,2017-04,2017-05,2017-06,2017-07,2017-08,2017-09,2017-10,2017-11,2017-12
acad_mains (energy),71.0,98.5,99.6,100.0,99.7,98.6,76.3,100.0,100.0,64.0,94.8,100.0,99.8,100.0,100.0,100.0,100.0,97.1,100.0,99.9,99.7,100.0,100.0,100.0,99.9,99.4,100.0,100.0,100.0,100.0,98.1,100.0,99.8,100.0,100.0,100.0,100.0,100.0,100.0,100.0,100.0,100.0,100.0,100.0,96.8,99.9,100.0,97.1,87.1,98.3,100.0,100.0,99.7
boys_mains (energy),70.7,97.7,99.0,99.8,99.5,99.7,92.0,99.9,99.8,100.0,99.8,96.5,84.5,99.1,99.6,99.9,84.7,99.3,100.0,98.9,100.0,75.9,,,0.0,44.3,16.4,45.6,,,,,,,58.5,99.3,99.5,93.1,92.3,99.4,99.8,99.7,99.7,98.0,98.9,78.2,22.8,4.0,72.4,98.6,99.8,99.8,100.0
boys_ups (energy),70.7,97.8,99.2,99.9,99.6,99.4,90.9,99.9,99.9,100.0,100.0,96.5,84.5,99.1,99.6,99.9,85.1,99.5,100.0,100.0,100.0,76.1,,,0.0,44.3,16.4,45.6,,,,,,,58.6,99.7,99.9,93.6,92.7,99.9,100.0,100.0,100.0,99.9,99.7,89.7,38.7,5.2,72.7,99.8,99.9,100.0,100.0
girls_mains (energy),68.6,52.0,97.5,99.8,99.0,99.2,96.0,99.3,99.7,99.7,98.4,80.1,57.6,81.2,88.8,72.8,27.2,69.6,86.4,48.2,89.8,15.5,,,,90.0,97.4,98.4,33.3,,,,,,,39.8,99.8,99.6,98.7,99.6,99.9,99.8,100.0,98.5,99.5,98.9,99.5,97.5,99.6,99.2,99.7,99.9,100.0
girls_ups (energy),70.9,99.9,99.0,100.0,99.2,95.5,99.6,99.5,99.8,95.4,99.0,100.0,100.0,100.0,100.0,100.0,99.8,100.0,100.0,100.0,99.9,100.0,100.0,100.0,99.8,100.0,99.4,99.2,99.9,99.5,99.9,100.0,100.0,99.9,99.9,100.0,99.9,99.8,98.4,99.9,100.0,99.9,100.0,99.9,99.3,98.9,99.4,97.7,99.9,99.7,99.9,100.0,100.0
library_mains (energy),71.0,100.0,99.6,100.0,99.7,100.0,97.8,100.0,100.0,99.8,99.9,43.6,,,45.3,42.4,,55.9,17.0,,,,,,11.1,100.0,99.8,99.7,99.9,99.9,99.8,100.0,100.0,100.0,100.0,99.5,99.9,100.0,100.0,100.0,100.0,89.1,35.5,100.0,100.0,90.5,87.3,37.2,85.5,100.0,99.9,99.8,99.8
mess_mains (energy),,23.2,99.0,96.4,99.9,96.2,91.7,100.0,98.3,71.9,99.8,95.7,99.7,92.3,74.3,100.0,96.0,97.0,99.4,98.2,97.7,99.1,15.6,,84.6,99.9,98.9,99.4,100.0,99.6,99.7,99.5,41.5,,68.6,99.5,100.0,99.7,99.7,98.9,99.8,97.8,90.1,99.8,99.9,98.7,99.7,97.7,88.6,99.4,99.7,90.3,99.8
lecture_mains (energy),70.9,98.4,99.6,100.0,99.7,98.5,76.2,99.9,100.0,64.0,94.8,100.0,99.8,100.0,100.0,100.0,100.0,97.1,100.0,99.9,99.7,100.0,100.0,100.0,99.8,99.4,100.0,100.0,100.0,100.0,98.1,100.0,99.8,100.0,100.0,100.0,100.0,100.0,100.0,100.0,100.0,100.0,100.0,100.0,96.8,99.9,100.0,97.2,87.1,98.3,100.0,100.0,99.7
facilities_mains (energy),,,,43.6,96.6,100.0,96.0,100.0,86.0,69.2,99.9,99.9,99.8,100.0,96.5,100.0,100.0,96.9,98.1,100.0,100.0,92.7,100.0,97.3,99.9,75.1,,81.6,99.9,100.0,100.0,100.0,99.8,98.4,99.8,100.0,99.7,100.0,100.0,99.7,100.0,100.0,100.0,100.0,100.0,99.7,99.9,81.3,75.9,99.2,94.1,100.0,99.8
Academic (occupancy),,,,,,,43.7,59.1,91.2,38.7,45.0,97.4,97.3,100.0,92.1,97.5,100.0,100.0,100.0,93.4,100.0,100.0,100.0,100.0,98.4,99.0,100.0,100.0,100.0,100.0,100.0,100.0,100.0,100.0,100.0,100.0,100.0,99.7,100.0,99.7,98.5,99.5,,32.3,100.0,100.0,100.0,100.0,100.0,100.0,100.0,10.0,
Boys_Hostel (occupancy),,,,,,,43.7,59.1,91.2,38.7,45.0,97.5,97.9,100.0,92.1,97.5,100.0,100.0,100.0,93.4,100.0,100.0,100.0,100.0,98.4,99.0,100.0,100.0,100.0,100.0,100.0,100.0,100.0,100.0,100.0,100.0,100.0,100.0,100.0,100.0,100.0,100.0,,32.3,100.0,100.0,100.0,100.0,100.0,100.0,100.0,10.0,
Girls_Hostel (occupancy),,,,,,,43.7,59.1,91.2,38.7,45.0,97.5,97.9,100.0,90.9,97.5,100.0,100.0,100.0,93.4,100.0,100.0,100.0,100.0,98.4,99.0,98.5,100.0,99.9,99.6,100.0,100.0,100.0,100.0,100.0,100.0,100.0,100.0,99.6,100.0,100.0,100.0,,32.3,100.0,100.0,100.0,100.0,100.0,100.0,100.0,10.0,
Mess (occupancy),,,,,,,43.6,57.9,91.1,37.2,43.7,93.8,95.7,100.0,89.3,97.5,99.2,100.0,100.0,93.4,100.0,100.0,100.0,100.0,98.4,99.0,98.5,100.0,97.1,99.6,100.0,99.5,100.0,100.0,100.0,99.6,100.0,100.0,100.0,100.0,92.9,98.7,,32.3,99.7,100.0,99.8,100.0,100.0,96.4,100.0,10.0,
Library (occupancy),,,,,,,43.6,57.7,91.2,30.4,39.4,77.0,96.5,100.0,84.7,97.5,84.1,97.5,100.0,89.9,100.0,99.3,100.0,99.9,98.2,99.0,99.9,99.9,92.0,94.2,99.0,95.6,99.5,95.6,99.9,95.8,99.0,99.3,95.9,99.6,76.7,92.3,,32.3,99.2,93.4,93.3,95.3,98.7,99.7,100.0,10.0,
Lecture (occupancy),,,,,,,38.2,47.6,82.5,29.7,31.9,65.3,83.1,95.7,76.9,91.9,55.7,81.3,91.2,81.5,94.8,80.5,81.6,81.1,80.6,94.5,83.1,79.2,63.8,82.2,78.9,72.6,88.4,84.2,100.0,100.0,94.9,91.4,91.8,81.9,52.5,78.6,,30.0,81.6,82.3,85.0,81.9,93.8,100.0,100.0,10.0,
Facilities (occupancy),,,,,,,,,,,,40.2,56.3,93.6,88.2,93.9,84.6,93.7,96.8,84.2,95.0,98.5,94.2,95.9,98.0,98.8,99.8,99.8,99.8,99.5,100.0,99.0,99.5,100.0,96.7,99.5,99.9,100.0,99.8,87.4,67.3,90.0,,32.3,100.0,100.0,100.0,99.4,99.8,97.4,99.6,10.0,
