period,threshold,intervals,total_kwh,low_occ_kwh,share_pct,mean_power_w,building
semester,12.9,76540,418997.0,10337.5,2.47,32845.3,Academic
vacation,12.9,100267,430999.2,30509.5,7.08,25791.1,Academic
semester,21.05,56225,352309.1,7176.3,2.04,37596.3,Boys_Hostel
vacation,21.05,64690,308788.5,22105.3,7.16,28640.1,Boys_Hostel
semester,9.0,57592,154369.5,3371.3,2.18,16082.4,Girls_Hostel
vacation,9.0,59916,139422.9,11289.7,8.1,13961.8,Girls_Hostel
semester,8.85,73885,311160.5,10679.0,3.43,25268.5,Mess
vacation,8.85,83641,306427.4,46943.4,15.32,21981.6,Mess
semester,9.1,55967,116010.5,10827.4,9.33,12437.0,Library
vacation,9.1,62905,85326.7,24298.8,28.48,8138.6,Library
semester,14.85,22308,14011.5,2285.2,16.31,3768.6,Lecture
vacation,14.85,14670,4577.3,1257.1,27.46,1872.1,Lecture
semester,0.9,64891,119935.9,0.0,0.0,11089.6,Facilities
vacation,0.9,84992,162500.3,0.0,0.0,11471.7,Facilities
