building,detector,alert budget,true_positives,false_positives,false_negatives,true_negatives,precision,recall,f1,accuracy
Academic,T,2081,546,1535,1217,23216,0.2624,0.3097,0.2841,0.8962
Academic,O,2081,543,1538,1220,23213,0.2609,0.308,0.2825,0.896
Boys_Hostel,T,673,200,473,746,16599,0.2972,0.2114,0.2471,0.9323
Boys_Hostel,O,673,252,421,694,16651,0.3744,0.2664,0.3113,0.9381
Girls_Hostel,T,179,175,4,674,16742,0.9777,0.2061,0.3405,0.9615
Girls_Hostel,O,179,179,0,670,16746,1.0,0.2108,0.3482,0.9619
Mess,T,367,311,56,2524,20716,0.8474,0.1097,0.1943,0.8907
Mess,O,367,320,47,2515,20725,0.8719,0.1129,0.1999,0.8915
Library,T,1638,1154,484,3441,12733,0.7045,0.2511,0.3703,0.7796
Library,O,1638,1074,564,3521,12653,0.6557,0.2337,0.3446,0.7707
Lecture,T,119,36,83,2619,2791,0.3025,0.0136,0.026,0.5113
Lecture,O,119,35,84,2620,2790,0.2941,0.0132,0.0252,0.5109
Facilities,T,483,222,261,103,21861,0.4596,0.6831,0.5495,0.9838
Facilities,O,483,207,276,118,21846,0.4286,0.6369,0.5124,0.9824
