meter,file,label,columns,rows,first,last,span_days,expected_minutes,row_coverage_pct,gaps_over_1min,largest_gap_hours,power_min_w,power_mean_w,power_max_w,power_zero_pct,power_na_pct,pf_negative_pct,pf_min,pf_max,voltage_out_of_range_pct,voltage_min,voltage_max,current_na_pct
acad_mains,acad_build_mains.csv,Academic,6,2269530,2013-08-10 00:00:00+05:30,2017-12-31 23:59:00+05:30,1605,2311200,98.2,489,254.7,0.0,27785.8,95786.3,0.29,0.0,13.78,-0.999,1.0,0.003,0.0,269.17,9.29
boys_mains,boys_hostel_mains.csv,Boys_Hostel,6,1671546,2013-08-10 00:00:00+05:30,2017-12-31 23:59:00+05:30,1605,2311200,72.32,9149,4987.8,0.0,17488.0,97663.9,0.01,0.0,43.64,-0.999,1.0,0.005,0.0,281.76,12.56
boys_ups,boys_hostel_ups.csv,Boys_Hostel,6,1688044,2013-08-10 00:00:00+05:30,2017-12-31 23:59:00+05:30,1605,2311200,73.04,9783,4987.8,0.0,13927.4,47212.1,0.0,0.0,47.46,-0.999,1.0,0.083,0.0,277.74,12.45
girls_mains,girls_hostel_mains.csv,Girls_Hostel,6,1653053,2013-08-10 00:00:00+05:30,2017-12-31 23:59:00+05:30,1605,2311200,71.52,616,5311.0,0.0,7315.9,20895.9,0.0,0.0,67.55,-0.999,1.0,0.002,0.0,280.9,11.38
girls_ups,girls_hostel_ups.csv,Girls_Hostel,6,2300745,2013-08-10 00:00:00+05:30,2017-12-31 23:59:00+05:30,1605,2311200,99.55,563,32.1,0.0,6881.3,18126.8,0.01,0.0,66.05,-0.999,1.0,0.022,0.0,277.68,9.12
library_mains,library_build_mains.csv,Library,6,1713637,2013-08-10 00:00:00+05:30,2017-12-31 23:59:00+05:30,1605,2311200,74.14,639,4890.8,0.0,9074.7,99208.9,0.0,0.0,58.08,-0.999,1.0,0.001,0.0,270.41,12.34
mess_mains,mess_build_mains.csv,Mess,6,2013090,2013-09-24 00:00:00+05:30,2017-12-31 23:59:00+05:30,1560,2246400,89.61,1074,1465.2,232.5,22195.3,142442.1,0.0,0.0,0.05,-0.999,1.0,0.0,209.6,270.45,7.19
lecture_mains,lecture_build_mains.csv,Lecture,6,2269309,2013-08-10 00:00:00+05:30,2017-12-31 23:59:00+05:30,1605,2311200,98.19,719,254.7,0.0,641.7,26703.1,81.7,0.0,0.01,-0.996,1.0,0.0,119.51,254.17,9.29
facilities_mains,facilities_build_mains.csv,Facilities,6,2048910,2013-11-15 00:00:00+05:30,2017-12-31 23:59:00+05:30,1508,2171520,94.35,3191,1054.8,0.0,10458.9,139437.1,0.0,0.0,3.14,-0.999,1.0,0.003,0.0,268.56,3.24
