month,Academic,Boys_main,Boys_backup,Facilities,Girls_main,Girls_backup,Lecture,Library,Mess
2013-08,99.99,99.64,99.69,0.0,96.67,99.88,99.86,100.0,0.0
2013-09,98.46,97.69,97.84,0.0,51.99,99.88,98.4,99.98,23.21
2013-10,99.62,99.03,99.2,0.0,97.55,99.0,99.61,99.63,99.0
2013-11,100.0,99.76,99.91,43.61,99.77,99.98,99.98,99.97,96.4
2013-12,99.72,99.5,99.58,96.55,98.96,99.16,99.71,99.72,99.94
2014-01,98.55,99.72,99.42,99.96,99.21,95.45,98.53,99.98,96.18
2014-02,76.25,91.96,90.88,95.99,96.03,99.62,76.24,97.76,91.74
2014-03,99.95,99.89,99.95,100.0,99.27,99.55,99.95,99.99,99.97
2014-04,99.98,99.77,99.9,85.99,99.71,99.82,99.96,99.99,98.3
2014-05,64.01,99.99,100.0,69.18,99.7,95.39,64.01,99.84,71.88
2014-06,94.8,99.84,100.0,99.91,98.44,99.04,94.79,99.89,99.84
2014-07,99.99,96.48,96.48,99.94,80.06,100.0,99.99,43.58,95.73
2014-08,99.78,84.55,84.55,99.76,57.56,99.97,99.77,0.0,99.74
2014-09,99.98,99.12,99.12,99.99,81.24,99.99,99.98,0.0,92.25
2014-10,100.0,99.6,99.6,96.51,88.84,100.0,99.99,45.27,74.29
2014-11,100.0,99.91,99.91,99.96,72.81,100.0,100.0,42.42,99.97
2014-12,99.99,84.72,85.11,99.99,27.22,99.83,99.99,0.0,95.98
2015-01,97.11,99.34,99.54,96.91,69.55,100.0,97.1,55.91,96.97
2015-02,100.0,100.0,100.0,98.07,86.44,100.0,99.99,17.05,99.38
2015-03,99.93,98.87,99.97,99.95,48.18,99.98,99.93,0.0,98.25
2015-04,99.7,99.97,99.97,100.0,89.76,99.93,99.7,0.0,97.69
2015-05,99.99,75.93,76.06,92.67,15.48,100.0,99.99,0.0,99.07
2015-06,100.0,0.0,0.0,99.98,0.0,100.0,99.99,0.0,15.61
2015-07,100.0,0.0,0.0,97.34,0.0,100.0,99.99,0.0,0.0
2015-08,99.88,0.0,0.0,99.89,0.0,99.79,99.85,11.11,84.62
2015-09,99.44,44.33,44.35,75.1,90.0,99.99,99.41,99.98,99.87
2015-10,99.98,16.4,16.42,0.0,97.4,99.43,99.97,99.8,98.9
2015-11,99.99,45.59,45.62,81.64,98.38,99.15,99.99,99.7,99.36
2015-12,100.0,0.0,0.0,99.91,33.26,99.86,100.0,99.91,99.97
2016-01,99.99,0.0,0.0,99.98,0.0,99.53,99.98,99.94,99.6
2016-02,98.15,0.0,0.0,99.98,0.0,99.95,98.14,99.8,99.71
2016-03,100.0,0.0,0.0,99.98,0.0,99.97,100.0,99.99,99.5
2016-04,99.82,0.0,0.0,99.83,0.0,100.0,99.82,99.98,41.53
2016-05,99.99,0.0,0.0,98.36,0.0,99.94,99.98,99.97,0.0
2016-06,100.0,58.47,58.56,99.79,0.0,99.91,99.99,99.96,68.61
2016-07,99.96,99.3,99.66,99.99,39.79,99.99,99.96,99.46,99.54
2016-08,99.99,99.53,99.88,99.72,99.8,99.87,99.98,99.87,99.98
2016-09,100.0,93.07,93.58,99.99,99.58,99.78,99.99,100.0,99.74
2016-10,100.0,92.29,92.67,99.96,98.66,98.35,99.99,99.99,99.66
2016-11,99.99,99.39,99.9,99.66,99.63,99.9,99.97,99.98,98.89
2016-12,100.0,99.84,99.99,99.99,99.93,99.99,100.0,99.98,99.85
2017-01,100.0,99.75,99.98,99.96,99.82,99.91,99.99,89.13,97.8
2017-02,99.99,99.74,99.97,100.0,99.96,99.95,99.99,35.53,90.07
2017-03,100.0,98.01,99.91,99.98,98.47,99.93,99.99,99.98,99.81
2017-04,96.81,98.92,99.73,99.98,99.51,99.29,96.79,99.97,99.94
2017-05,99.89,78.17,89.74,99.73,98.86,98.86,99.88,90.48,98.71
2017-06,100.0,22.77,38.71,99.91,99.49,99.4,99.98,87.29,99.66
2017-07,97.06,3.99,5.2,81.3,97.55,97.65,97.16,37.16,97.75
2017-08,87.13,72.38,72.69,75.88,99.61,99.9,87.13,85.48,88.65
2017-09,98.27,98.6,99.77,99.22,99.22,99.69,98.27,100.0,99.45
2017-10,100.0,99.78,99.94,94.11,99.74,99.94,100.0,99.93,99.66
2017-11,100.0,99.84,100.0,100.0,99.85,100.0,100.0,99.81,90.27
2017-12,99.68,100.0,100.0,99.76,100.0,100.0,99.68,99.76,99.82
