feature,correlation_with_power,abs_correlation,f_score,p_value,kept_by_selectkbest
occupancy,0.751,0.751,159764.5,0.0,True
is_working_day,0.339,0.339,16048.8,0.0,True
is_weekend,-0.305,0.305,12728.1,0.0,True
weekday_Sunday,-0.267,0.267,9519.6,0.0,True
hour_6,-0.205,0.205,5425.0,0.0,True
is_semester,0.204,0.204,5362.5,0.0,True
hour_12,0.189,0.189,4592.5,0.0,True
hour_11,0.187,0.187,4496.8,0.0,True
hour_15,0.182,0.182,4258.4,0.0,True
hour_14,0.181,0.181,4177.7,0.0,True
hour_7,-0.176,0.176,3939.5,0.0,True
hour_13,0.174,0.174,3872.0,0.0,True
month_12,-0.17,0.17,3682.0,0.0,True
hour_10,0.166,0.166,3517.6,0.0,True
hour_5,-0.161,0.161,3302.5,0.0,True
hour_16,0.159,0.159,3211.4,0.0,False
month_8,0.151,0.151,2901.9,0.0,False
hour_4,-0.135,0.135,2292.3,0.0,False
weekday_Saturday,-0.127,0.127,2029.3,0.0,False
hour_3,-0.126,0.126,2009.2,0.0,False
month_11,-0.115,0.115,1661.1,0.0,False
hour_2,-0.114,0.114,1630.3,0.0,False
month_2,-0.109,0.109,1484.6,0.0,False
hour_1,-0.097,0.097,1185.2,1.7069358687190236e-258,False
month_3,-0.095,0.095,1132.6,3.5006145848791117e-247,False
hour_9,0.095,0.095,1138.7,1.7756334086276871e-248,False
weekday_Wednesday,0.092,0.092,1053.1,4.811895071993695e-230,False
weekday_Tuesday,0.09,0.09,1003.6,2.2142200719625137e-219,False
month_6,0.088,0.088,968.5,8.317378379234238e-212,False
month_9,0.085,0.085,909.4,4.780473657739265e-199,False
month_7,0.084,0.084,874.3,1.7740996541543613e-191,False
weekday_Monday,0.081,0.081,818.6,1.840743720641177e-179,False
weekday_Thursday,0.074,0.074,682.2,5.55027163400108e-150,False
hour_17,0.068,0.068,578.2,1.8325479892230746e-127,False
hour_23,-0.065,0.065,530.7,3.55575625521325e-117,False
month_5,0.061,0.061,463.0,1.6465364372493397e-102,False
hour_22,-0.056,0.056,386.9,5.4084946114171196e-86,False
hour_8,-0.054,0.054,361.7,1.5590197626623855e-80,False
hour_21,-0.054,0.054,365.7,2.0756557285503358e-81,False
month_4,0.053,0.053,342.4,2.489716450895013e-76,False
hour_20,-0.046,0.046,264.0,2.652106371299819e-59,False
month_10,-0.029,0.029,106.7,5.401521945839436e-25,False
hour_19,-0.026,0.026,83.4,6.630594527112557e-20,False
hour_18,-0.01,0.01,12.9,0.0003234350051892124,False
