building,detector,anomaly_type,n_intervals,true_positives,false_positives,false_negatives,true_negatives,precision,recall,f1,accuracy
Academic,T,spike,324,106,1514,218,23322,0.0654,0.3272,0.1091,0.9312
Academic,T,waste,1362,441,1514,921,23322,0.2256,0.3238,0.2659,0.9071
Academic,O,spike,324,97,1551,227,23285,0.0589,0.2994,0.0984,0.9293
Academic,O,waste,1362,413,1551,949,23285,0.2103,0.3032,0.2483,0.9046
Boys_Hostel,T,spike,326,154,472,172,16758,0.246,0.4724,0.3235,0.9633
Boys_Hostel,T,waste,582,39,472,543,16758,0.0763,0.067,0.0714,0.943
Boys_Hostel,O,spike,326,139,425,187,16805,0.2465,0.4264,0.3124,0.9651
Boys_Hostel,O,waste,582,101,425,481,16805,0.192,0.1735,0.1823,0.9491
Girls_Hostel,T,spike,325,157,4,168,16746,0.9752,0.4831,0.6461,0.9899
Girls_Hostel,T,waste,552,17,4,535,16746,0.8095,0.0308,0.0593,0.9688
Girls_Hostel,O,spike,325,155,0,170,16750,1.0,0.4769,0.6458,0.99
Girls_Hostel,O,waste,552,23,0,529,16750,1.0,0.0417,0.08,0.9694
Mess,T,spike,326,130,61,196,20734,0.6806,0.3988,0.5029,0.9878
Mess,T,waste,2509,179,61,2330,20734,0.7458,0.0713,0.1302,0.8974
Mess,O,spike,326,128,49,198,20746,0.7232,0.3926,0.5089,0.9883
Mess,O,waste,2509,193,49,2316,20746,0.7975,0.0769,0.1403,0.8985
Library,T,spike,326,87,507,239,12782,0.1465,0.2669,0.1891,0.9452
Library,T,waste,4217,1087,507,3130,12782,0.6819,0.2578,0.3741,0.7922
Library,O,spike,326,85,627,241,12662,0.1194,0.2607,0.1638,0.9362
Library,O,waste,4217,969,627,3248,12662,0.6071,0.2298,0.3334,0.7786
Lecture,T,spike,304,54,93,250,2807,0.3673,0.1776,0.2395,0.8929
Lecture,T,waste,2344,7,93,2337,2807,0.07,0.003,0.0057,0.5366
Lecture,O,spike,304,51,100,253,2800,0.3377,0.1678,0.2242,0.8898
Lecture,O,waste,2344,3,100,2341,2800,0.0291,0.0013,0.0025,0.5345
Facilities,T,spike,324,220,269,104,21890,0.4499,0.679,0.5412,0.9834
Facilities,O,spike,324,210,279,114,21880,0.4294,0.6481,0.5166,0.9825
