building,fraction_of_p95,threshold_occupancy,pct_intervals_low,share_pct
Academic,0.0,0.0,0.0,0.0
Academic,0.01,2.58,1.41,0.94
Academic,0.02,5.16,2.99,2.28
Academic,0.03,7.74,3.73,2.87
Academic,0.04,10.32,4.92,3.74
Academic,0.05,12.9,6.52,4.81
Academic,0.06,15.48,10.35,7.56
Academic,0.07,18.06,15.1,11.26
Academic,0.08,20.64,18.47,13.9
Academic,0.09,23.22,23.5,17.73
Academic,0.1,25.8,26.6,20.09
Academic,0.11,28.38,30.97,23.35
Academic,0.12,30.96,33.72,25.39
Academic,0.13,33.54,37.7,28.36
Academic,0.14,36.12,41.47,31.28
Academic,0.15,38.7,43.77,33.06
Academic,0.16,41.28,47.05,35.63
Academic,0.17,43.86,49.09,37.26
Academic,0.18,46.44,52.0,39.61
Academic,0.19,49.02,54.47,41.67
Academic,0.2,51.6,55.92,42.9
Boys_Hostel,0.0,0.0,0.0,0.0
Boys_Hostel,0.01,4.21,0.55,0.37
Boys_Hostel,0.02,8.42,2.79,1.86
Boys_Hostel,0.03,12.63,4.1,2.82
Boys_Hostel,0.04,16.84,4.94,3.53
Boys_Hostel,0.05,21.05,5.92,4.43
Boys_Hostel,0.06,25.26,6.61,5.13
Boys_Hostel,0.07,29.47,7.21,5.67
Boys_Hostel,0.08,33.68,7.54,5.96
Boys_Hostel,0.09,37.89,7.81,6.13
Boys_Hostel,0.1,42.1,8.34,6.43
Boys_Hostel,0.11,46.31,9.04,6.83
Boys_Hostel,0.12,50.52,9.88,7.3
Boys_Hostel,0.13,54.73,10.89,7.88
Boys_Hostel,0.14,58.94,11.95,8.49
Boys_Hostel,0.15,63.15,13.2,9.26
Boys_Hostel,0.16,67.36,14.19,9.85
Boys_Hostel,0.17,71.57,15.06,10.4
Boys_Hostel,0.18,75.78,15.93,10.99
Boys_Hostel,0.19,79.99,16.76,11.54
Boys_Hostel,0.2,84.2,17.85,12.29
Girls_Hostel,0.0,0.0,0.0,0.0
Girls_Hostel,0.01,1.8,0.21,0.21
Girls_Hostel,0.02,3.6,1.21,0.91
Girls_Hostel,0.03,5.4,3.32,2.51
Girls_Hostel,0.04,7.2,5.05,3.93
Girls_Hostel,0.05,9.0,6.27,4.99
Girls_Hostel,0.06,10.8,6.78,5.44
Girls_Hostel,0.07,12.6,7.48,6.07
Girls_Hostel,0.08,14.4,7.97,6.49
Girls_Hostel,0.09,16.2,8.39,6.83
Girls_Hostel,0.1,18.0,8.89,7.2
Girls_Hostel,0.11,19.8,9.14,7.37
Girls_Hostel,0.12,21.6,9.75,7.8
Girls_Hostel,0.13,23.4,10.47,8.32
Girls_Hostel,0.14,25.2,11.24,8.88
Girls_Hostel,0.15,27.0,12.07,9.49
Girls_Hostel,0.16,28.8,12.53,9.84
Girls_Hostel,0.17,30.6,13.47,10.54
Girls_Hostel,0.18,32.4,14.35,11.21
Girls_Hostel,0.19,34.2,15.18,11.85
Girls_Hostel,0.2,36.0,15.86,12.39
Mess,0.0,0.0,0.0,0.0
Mess,0.01,1.77,1.14,0.73
Mess,0.02,3.54,4.19,2.88
Mess,0.03,5.31,7.4,5.32
Mess,0.04,7.08,10.9,8.01
Mess,0.05,8.85,12.57,9.33
Mess,0.06,10.62,15.66,11.78
Mess,0.07,12.39,18.49,14.11
Mess,0.08,14.16,21.09,16.32
Mess,0.09,15.93,22.36,17.38
Mess,0.1,17.7,24.87,19.53
Mess,0.11,19.47,27.07,21.43
Mess,0.12,21.24,29.09,23.19
Mess,0.13,23.01,31.18,25.0
Mess,0.14,24.78,32.25,25.95
Mess,0.15,26.55,34.15,27.65
Mess,0.16,28.32,36.12,29.47
Mess,0.17,30.09,37.86,31.1
Mess,0.18,31.86,38.73,31.93
Mess,0.19,33.63,40.54,33.65
Mess,0.2,35.4,42.34,35.39
Library,0.0,0.0,0.0,0.0
Library,0.01,1.82,4.27,2.03
Library,0.02,3.64,11.61,6.23
Library,0.03,5.46,18.1,10.33
Library,0.04,7.28,23.79,14.17
Library,0.05,9.1,28.37,17.45
Library,0.06,10.92,30.51,18.98
Library,0.07,12.74,34.35,21.88
Library,0.08,14.56,37.76,24.48
Library,0.09,16.38,40.92,26.99
Library,0.1,18.2,43.81,29.38
Library,0.11,20.02,46.57,31.72
Library,0.12,21.84,47.98,32.92
Library,0.13,23.66,50.56,35.15
Library,0.14,25.48,52.96,37.39
Library,0.15,27.3,55.05,39.38
Library,0.16,29.12,57.05,41.34
Library,0.17,30.94,57.99,42.28
Library,0.18,32.76,59.74,44.01
Library,0.19,34.58,61.44,45.78
Library,0.2,36.4,62.95,47.38
Lecture,0.0,0.0,0.0,0.0
Lecture,0.01,2.97,8.16,7.12
Lecture,0.02,5.94,13.79,11.8
Lecture,0.03,8.91,17.19,14.6
Lecture,0.04,11.88,20.03,16.99
Lecture,0.05,14.85,22.41,19.06
Lecture,0.06,17.82,24.46,20.85
Lecture,0.07,20.79,26.66,22.66
Lecture,0.08,23.76,28.47,24.26
Lecture,0.09,26.73,30.3,25.77
Lecture,0.1,29.7,31.84,27.05
Lecture,0.11,32.67,33.43,28.32
Lecture,0.12,35.64,34.83,29.43
Lecture,0.13,38.61,36.28,30.6
Lecture,0.14,41.58,37.58,31.65
Lecture,0.15,44.55,39.01,32.68
Lecture,0.16,47.52,40.58,33.9
Lecture,0.17,50.49,41.91,34.96
Lecture,0.18,53.46,43.15,35.9
Lecture,0.19,56.43,44.47,36.98
Lecture,0.2,59.4,45.63,37.95
Facilities,0.0,0.0,0.0,0.0
Facilities,0.01,0.18,0.0,0.0
Facilities,0.02,0.36,0.0,0.0
Facilities,0.03,0.54,0.0,0.0
Facilities,0.04,0.72,0.0,0.0
Facilities,0.05,0.9,0.0,0.0
Facilities,0.06,1.08,9.79,8.06
Facilities,0.07,1.26,9.79,8.06
Facilities,0.08,1.44,9.79,8.06
Facilities,0.09,1.62,9.79,8.06
Facilities,0.1,1.8,9.79,8.06
Facilities,0.11,1.98,9.79,8.06
Facilities,0.12,2.16,23.14,19.78
Facilities,0.13,2.34,23.14,19.78
Facilities,0.14,2.52,23.14,19.78
Facilities,0.15,2.7,23.14,19.78
Facilities,0.16,2.88,23.14,19.78
Facilities,0.17,3.06,37.64,32.99
Facilities,0.18,3.24,37.64,32.99
Facilities,0.19,3.42,37.64,32.99
Facilities,0.2,3.6,37.64,32.99
